id,NAME,TotalPop,PopDevPct,DemPct,RepPct,WhitePct,MinorityPct,BlackPct,HispanicPct,PacificPct,AsianPct,NativePct,TotalVAP,Margin,color,opacity
"1",MN,"714088","0.00108876","0.53942523","0.43676202","0.78760839","0.21239161","0.06734016","0.07590507","0.00177697","0.0459818","0.02016274","546999","0.10266321",#2020ff,"0.5"
"1","1","764966","0.00013243","0.54278765","0.44704583","0.70622479","0.29377521","0.08441699","0.16135631","0.0012438","0.04476868","0.01366864","606205","0.09574182",#6464ff,"0.5"
"1","1","767108","0.00015779","0.20931976","0.78231644","0.69715906","0.30284094","0.13247263","0.12796063","0.00106724","0.01790354","0.0258603","588431","-0.57299668",#960018,"0.5"
"1","1","919821","0.00029145","0.20178301","0.77244264","0.83231808","0.16768192","0.00734642","0.10983067","0.00334733","0.01486243","0.02896544","678153","-0.57065963",#960018,"0.5"
"1","1","774954","-0.00028956","0.34338511","0.64230066","0.91174314","0.08825686","0.01340288","0.01499375","0.00089586","0.00770092","0.04385106","627328","-0.29891555",#960018,"0.5"
"1","1","760069","3.82e-06","0.56870618","0.39862892","0.63511145","0.36488855","0.02292648","0.24443565","0.00670254","0.05073943","0.05282883","596341","0.17007726",#2020ff,"0.5"
"2","2","765169","0.00039784","0.63624726","0.35282199","0.56971361","0.43028639","0.14653239","0.18534693","0.00188772","0.098743","0.01374658","610261","0.28342527",#00008b,"0.5"
"2","2","737558","0.00114461","0.5451489","0.43873076","0.85273379","0.14726621","0.03447727","0.06187226","0.000948","0.03112815","0.01561078","578062","0.10641814",#2020ff,"0.5"
"2","2","766766","-0.00028811","0.49151054","0.48968636","0.29414845","0.70585155","0.21206999","0.36873414","0.00205886","0.1189207","0.02830224","561475","0.00182418",#dbdbff,"0.5"
"1","1","733391","0","0.4135581","0.54594465","0.61476201","0.38523799","0.04271638","0.06036249","0.02018762","0.07835156","0.19085998","554003","-0.13238655",#ff2020,"0.5"
"1","1","718010","0.00035647","0.2045242","0.78500734","0.77078221","0.22921779","0.13884584","0.0385079","0.00147804","0.01818309","0.03103161","557496","-0.58048314",#960018,"0.5"
"9","9","770050","0.00108004","0.53363692","0.45041695","0.31802717","0.68197283","0.14247947","0.49563334","0.00283711","0.05327781","0.01919548","594619","0.08321997",#7373ff,"0.5"
"2","2","717922","0.00023386","0.53291317","0.45461668","0.44049518","0.55950482","0.486832","0.03189947","0.00132345","0.02933063","0.01478684","563677","0.07829649",#7a7aff,"0.5"
"3","3","717417","-0.00046972","0.2493944","0.73626556","0.77652953","0.22347047","0.14214682","0.03901133","0.0009496","0.01759923","0.02241958","552865","-0.48687116",#960018,"0.5"
"4","4","717372","-0.00053241","0.19284937","0.79524333","0.83062692","0.16937308","0.08612081","0.03863887","0.00098891","0.01037998","0.03270363","560213","-0.60239396",#960018,"0.5"
"5","5","717515","-0.00033318","0.54120642","0.44080889","0.50889318","0.49110682","0.39161781","0.05517843","0.00184613","0.02395321","0.02363183","560092","0.10039753",#2020ff,"0.5"
"6","6","718061","0.00042752","0.18068628","0.80976418","0.78771821","0.21228179","0.11558111","0.05564285","0.0011385","0.00925705","0.03235747","556873","-0.6290779",#960018,"0.5"
"7","7","717982","0.00031746","0.55649321","0.42689628","0.47390936","0.52609064","0.44528669","0.03940631","0.00101246","0.0249545","0.01856701","565950","0.12959693",#2020ff,"0.5"
"1","1","753544","0.00088062","0.20100012","0.77931072","0.86729837","0.13270163","0.05286275","0.0289678","0.00194184","0.00913524","0.03416265","581922","-0.5783106",#960018,"0.5"
"2","2","753179","0.00039581","0.54863837","0.42773087","0.52448187","0.47551813","0.37680481","0.05590243","0.00115816","0.02268629","0.02307577","582819","0.1209075",#2020ff,"0.5"
"3","3","752286","-0.0007903","0.36240413","0.61036366","0.71596476","0.28403524","0.03566838","0.1390563","0.01354426","0.04182438","0.05620312","565627","-0.24795953",#960018,"0.5"
"4","4","752515","-0.00048613","0.26115218","0.71958885","0.75343054","0.24656946","0.13976852","0.05827412","0.00142119","0.01124582","0.03401414","581905","-0.45843667",#960018,"0.5"
"1","1","793623","-0.00124379","0.51322787","0.47603679","0.61314953","0.38685047","0.06827421","0.23042326","0.00348737","0.05954063","0.03605795","626547","0.03719108",#aeaeff,"0.5"
"2","2","795564","0.00119891","0.52249738","0.46596836","0.50828855","0.49171145","0.04908328","0.19769574","0.00522308","0.03895383","0.21439627","615729","0.05652902",#9595ff,"0.5"
"3","3","794222","-0.00048997","0.54520121","0.44443181","0.33839586","0.66160414","0.08730199","0.51358324","0.0045292","0.04211128","0.03763797","572507","0.1007694",#2020ff,"0.5"
"4","4","795377","0.00096357","0.5240512","0.4618953","0.57462779","0.42537221","0.06914654","0.24063157","0.00602849","0.08353511","0.0405633","624037","0.0621559",#8e8eff,"0.5"
"5","5","794913","0.00037964","0.34934128","0.64075793","0.73753464","0.26246536","0.03554712","0.15250441","0.00496329","0.04308347","0.03090715","590737","-0.29141665",#960018,"0.5"
"6","6","794933","0.00040481","0.52865889","0.459229","0.65462409","0.34537591","0.04803156","0.22244568","0.0044618","0.04895715","0.03213027","643910","0.06942989",#8585ff,"0.5"
"7","7","794385","-0.00028484","0.52688754","0.46303619","0.35803041","0.64196959","0.04419409","0.53940811","0.00357215","0.02244206","0.05581611","598519","0.06385135",#8c8cff,"0.5"
"8","8","794716","0.00013172","0.5077296","0.4812701","0.62690349","0.37309651","0.06741392","0.22830308","0.00372621","0.04777092","0.03732232","631472","0.0264595",#bcbcff,"0.5"
"9","9","793769","-0.00106006","0.29628794","0.69627086","0.78504913","0.21495087","0.02364538","0.1237052","0.00380412","0.03058489","0.03421203","638518","-0.39998292",#960018,"0.5"
"1","1","722625","0.00126193","0.66083303","0.31211366","0.53365296","0.46634704","0.09702732","0.30393373","0.00399988","0.04641125","0.03488079","556266","0.34871937",#00008b,"0.5"
"2","2","720816","-0.00124461","0.5680228","0.40603815","0.77827944","0.22172056","0.01321419","0.13556552","0.0024472","0.03695169","0.03202073","574534","0.16198465",#2020ff,"0.5"
"3","3","721365","-0.00048392","0.53610027","0.43595184","0.65754892","0.34245108","0.04649211","0.23807812","0.00443089","0.02506885","0.04397039","573022","0.10014843",#2020ff,"0.5"
"4","4","721308","-0.0005629","0.33771997","0.63710168","0.72317421","0.27682579","0.04631869","0.16436061","0.00554921","0.03627909","0.03377974","544942","-0.29938171",#960018,"0.5"
"5","5","722002","0.0003987","0.58006386","0.3934219","0.71197443","0.28802557","0.02848643","0.18342998","0.00265313","0.05181253","0.03083012","568762","0.18664196",#2020ff,"0.5"
"6","6","720951","-0.00105755","0.55082965","0.42028836","0.60168046","0.39831954","0.12113568","0.17474189","0.00497181","0.08299407","0.02865563","546280","0.13054129",#2020ff,"0.5"
"7","7","722699","0.00136446","0.5641962","0.40736865","0.77527656","0.22472344","0.02028898","0.13124804","0.00230755","0.04197207","0.03112026","584603","0.15682755",#2020ff,"0.5"
"8","8","721948","0.00032388","0.55531418","0.41606688","0.70197642","0.29802358","0.0203451","0.20445964","0.00281913","0.045106","0.03285653","561167","0.1392473",#2020ff,"0.5"
"1","1","721508","0.0004426","0.57890022","0.40136775","0.55031295","0.44968705","0.19250042","0.19964479","0.00155646","0.05073736","0.01549485","573739","0.17753247",#2020ff,"0.5"
"2","2","720454","-0.00101887","0.56898673","0.41408264","0.63288364","0.36711636","0.14892738","0.15285607","0.00214576","0.0528993","0.02228746","576019","0.15490409",#2020ff,"0.5"
"3","3","720911","-0.0003852","0.55334001","0.43068489","0.7037294","0.2962706","0.10747639","0.14260298","0.00171871","0.03772537","0.01579282","579504","0.12265512",#2020ff,"0.5"
"4","4","721742","0.00076707","0.56298969","0.42113861","0.68853163","0.31146837","0.06991383","0.15699121","0.00101203","0.0645686","0.01135149","561248","0.14185108",#2020ff,"0.5"
"5","5","721329","0.0001944","0.55905546","0.42363797","0.75901174","0.24098826","0.0716205","0.09910371","0.0010385","0.05709526","0.01286639","578717","0.13541749",#2020ff,"0.5"
"1","1","989948","0","0.56567569","0.41948412","0.62437671","0.37562329","0.22762886","0.08666531","0.001349","0.04834195","0.01994402","783543","0.14619157",#2020ff,"0.5"
"1","1","769447","0.00029613","0.30669747","0.67855003","0.71943891","0.28056109","0.13951015","0.06546959","0.00378344","0.04174174","0.03208083","605533","-0.37185256",#960018,"0.5"
"2","2","769946","0.00094484","0.54096444","0.4424246","0.58881499","0.41118501","0.26077677","0.08731897","0.00154091","0.04777153","0.01794419","623656","0.09853984",#2020ff,"0.5"
"3","3","769723","0.00065493","0.25159669","0.73759908","0.79577159","0.20422841","0.08244105","0.07504476","0.00185426","0.01904842","0.02540747","626666","-0.48600239",#960018,"0.5"
"4","4","769105","-0.00014848","0.54180634","0.44151614","0.45534439","0.54465561","0.36119775","0.11029719","0.00288582","0.06316766","0.01906825","596017","0.1002902",#2020ff,"0.5"
"5","5","769567","0.00045213","0.33134116","0.65514503","0.77958875","0.22041125","0.08236504","0.0754051","0.00215649","0.0399792","0.01872988","611643","-0.32380387",#960018,"0.5"
"6","6","768976","-0.00031618","0.30382759","0.68562041","0.72866905","0.27133095","0.11755308","0.10963806","0.00208103","0.02191791","0.02265686","618444","-0.38179282",#960018,"0.5"
"7","7","769521","0.00039233","0.53770575","0.44585747","0.43598347","0.56401653","0.27820024","0.22194809","0.00239342","0.0558281","0.01745959","596635","0.09184828",#6868ff,"0.5"
"8","8","769132","-0.00011338","0.37855961","0.60866434","0.73083013","0.26916987","0.10706166","0.11617805","0.00190017","0.02515752","0.02150372","634681","-0.23010473",#960018,"0.5"
"10","10","769949","0.00094874","0.53144296","0.45102217","0.50434236","0.49565764","0.12586626","0.2760648","0.0028398","0.07297392","0.01756258","610958","0.08042079",#7676ff,"0.5"
"11","11","768594","-0.00081279","0.35900076","0.63019612","0.70240301","0.29759699","0.11307921","0.14474415","0.0016167","0.02280695","0.01925556","635245","-0.27119536",#960018,"0.5"
"12","12","768426","-0.00103119","0.37647285","0.60946927","0.69614597","0.30385403","0.07190212","0.17136935","0.00173491","0.04344005","0.01987278","609829","-0.23299642",#960018,"0.5"
"13","13","769029","-0.00024728","0.50329219","0.48257262","0.69826216","0.30173784","0.12470082","0.12538842","0.00140455","0.03397967","0.01624584","647181","0.02071957",#c3c3ff,"0.5"
"14","14","769471","0.00032733","0.55042891","0.4293092","0.43618213","0.56381787","0.24372628","0.25661726","0.00239475","0.06367945","0.01845262","599644","0.12111971",#2020ff,"0.5"
"15","15","769322","0.00013362","0.37549692","0.61185205","0.59971276","0.40028724","0.11573526","0.24135504","0.00199648","0.03172602","0.02238154","592542","-0.23635513",#960018,"0.5"
"16","16","768510","-0.00092199","0.41823327","0.56858509","0.71141356","0.28858644","0.06311036","0.16603914","0.00187013","0.04285603","0.01754007","643270","-0.15035182",#ff2020,"0.5"
"17","17","769239","2.572e-05","0.33532471","0.65451382","0.81978745","0.18021255","0.04079424","0.09912611","0.00118371","0.02149255","0.0145254","651342","-0.31918911",#960018,"0.5"
"18","18","769194","-3.278e-05","0.35754826","0.63176222","0.68439835","0.31560165","0.09189817","0.18338425","0.00152115","0.02427878","0.01713503","621242","-0.27421396",#960018,"0.5"
"19","19","768533","-0.00089209","0.36308423","0.62551647","0.69460954","0.30539046","0.07629837","0.19471741","0.00108178","0.02144177","0.01355821","639686","-0.26243224",#960018,"0.5"
"20","20","768690","-0.00068799","0.52947381","0.45763149","0.51656854","0.48343146","0.24185561","0.19843978","0.00158691","0.03383808","0.01442371","621962","0.07184232",#8282ff,"0.5"
"21","21","769828","0.00079143","0.40395161","0.5832968","0.70635747","0.29364253","0.12125668","0.12359574","0.0018226","0.03041249","0.01781537","633161","-0.17934519",#ff2020,"0.5"
"22","22","769458","0.00031043","0.5335472","0.45415422","0.5076453","0.4923547","0.15739084","0.26970224","0.00161745","0.04640444","0.01180084","612075","0.07939298",#7878ff,"0.5"
"23","23","768642","-0.00075039","0.61325132","0.37562336","0.3973101","0.6026899","0.35257415","0.20626271","0.00174026","0.02683678","0.0115496","626342","0.23762796",#00008b,"0.5"
"24","24","768650","-0.00073999","0.63966722","0.34967428","0.12728435","0.87271565","0.45100251","0.41886635","0.00129174","0.02128389","0.00870102","603837","0.28999294",#00008b,"0.5"
"25","25","769557","0.00043913","0.53563083","0.45098369","0.3315771","0.6684229","0.18807251","0.41751002","0.00190355","0.06472571","0.0123168","604134","0.08464714",#7171ff,"0.5"
"26","26","770100","0.00114504","0.30290156","0.68827858","0.17240622","0.82759378","0.04492793","0.78077469","0.00073308","0.01369783","0.00835299","632947","-0.38537702",#960018,"0.5"
"27","27","768937","-0.00036688","0.5021092","0.48500794","0.22218676","0.77781324","0.14398641","0.61061215","0.00115626","0.02985583","0.01225631","614051","0.01710126",#c8c8ff,"0.5"
"28","28","768591","-0.00081669","0.34149854","0.64921288","0.16398266","0.83601734","0.04885186","0.77190967","0.00083559","0.02273497","0.00849673","631890","-0.30771434",#960018,"0.5"
"1","1","765915","0.00101775","0.54965567","0.44431315","0.48779154","0.51220846","0.4009657","0.06504785","0.00324145","0.03384171","0.01823696","594178","0.10534252",#2020ff,"0.5"
"2","2","764912","-0.00029313","0.55884364","0.43656662","0.42140561","0.57859439","0.4940539","0.05205508","0.00236282","0.02347885","0.01526838","589126","0.12227702",#2020ff,"0.5"
"3","3","765780","0.00084131","0.55177322","0.44256051","0.39542225","0.60457775","0.48710999","0.0732444","0.00116132","0.03600622","0.01761284","580372","0.10921271",#2020ff,"0.5"
"4","4","765049","-0.00011408","0.55024879","0.44404375","0.44208363","0.55791637","0.47586327","0.05068056","0.00128037","0.02312353","0.01562225","585767","0.10620504",#2020ff,"0.5"
"5","5","765209","9.503e-05","0.54564239","0.44539152","0.50118301","0.49881699","0.31119378","0.12555727","0.0014271","0.04525206","0.02122104","587907","0.10025087",#2020ff,"0.5"
"6","6","765287","0.00019698","0.55585312","0.43759267","0.43312653","0.56687347","0.47374502","0.06596363","0.00114331","0.01614886","0.01917881","582518","0.11826045",#2020ff,"0.5"
"7","7","764771","-0.00047741","0.54878667","0.4381889","0.58050956","0.41949044","0.18772997","0.08256935","0.00143085","0.13465256","0.01433535","595451","0.11059777",#2020ff,"0.5"
"8","8","764930","-0.00026961","0.28639893","0.7101701","0.64315529","0.35684471","0.25722696","0.06894175","0.00158378","0.01446426","0.01892606","580258","-0.42377117",#960018,"0.5"
"9","9","764598","-0.00070352","0.20377837","0.79109755","0.81408335","0.18591665","0.05715245","0.08496333","0.00097011","0.01755761","0.02642453","595810","-0.58731918",#960018,"0.5"
"10","10","764608","-0.00069045","0.55077101","0.44048466","0.54387733","0.45612267","0.31545895","0.06909696","0.00169493","0.05854419","0.01797736","592356","0.11028635",#2020ff,"0.5"
"11","11","765086","-6.572e-05","0.55594918","0.4326561","0.53456179","0.46543821","0.14492398","0.15849436","0.00138007","0.15090653","0.01839807","590551","0.12329308",#2020ff,"0.5"
"12","12","764610","-0.00068783","0.55426361","0.43344447","0.39213219","0.60786781","0.2494249","0.23085805","0.00141157","0.12242437","0.02269947","568163","0.12081914",#2020ff,"0.5"
"13","13","765894","0.0009903","0.56321523","0.43180412","0.41863819","0.58136181","0.51264069","0.04521162","0.00143542","0.01470084","0.01547688","591463","0.13141111",#2020ff,"0.5"
"14","14","765259","0.00016038","0.26115822","0.73230269","0.77883838","0.22116162","0.07819167","0.09710346","0.00112901","0.01894589","0.02763859","586354","-0.47114447",#960018,"0.5"
"1","1","727502","-0.00018347","0.5962742","0.38241737","0.31815095","0.68184905","0.02401282","0.09569419","0.28379491","0.4325984","0.03034013","568488","0.21385683",#00008b,"0.5"
"2","2","727769","0.00018347","0.61616921","0.36659939","0.1613147","0.8386853","0.03120952","0.06589186","0.1755431","0.68201635","0.01852347","587417","0.24956982",#00008b,"0.5"
"1","1","797209","-0.00048051","0.32544438","0.65848799","0.91025835","0.08974165","0.01867904","0.04207661","0.00299502","0.01062891","0.01306622","615021","-0.33304361",#960018,"0.5"
"2","2","796846","-0.00093563","0.52540181","0.45602287","0.82417075","0.17582925","0.07324882","0.04879796","0.00219481","0.03382173","0.01561327","616911","0.06937894",#8484ff,"0.5"
"3","3","798163","0.00071559","0.51187833","0.46975616","0.80024472","0.19975528","0.05408503","0.0739565","0.00331301","0.05245738","0.01551294","606397","0.04212217",#a7a7ff,"0.5"
"4","4","798151","0.00070055","0.33212043","0.65067814","0.88306303","0.11693697","0.023968","0.054391","0.00232602","0.01428305","0.0190299","611774","-0.31855771",#960018,"0.5"
"2","2","919285","-0.00029145","0.40898809","0.56181611","0.79775065","0.20224935","0.01584683","0.11058837","0.00494954","0.03191278","0.03706711","698247","-0.15282802",#ff2020,"0.5"
"1","1","897508","0.00072475","0.32971237","0.64958411","0.90090465","0.09909535","0.04312889","0.01430743","0.00085972","0.01457643","0.02014244","721164","-0.31987174",#960018,"0.5"
"1","1","753930","0.00033577","0.54622708","0.43450687","0.523223","0.476777","0.39705217","0.05740695","0.00075941","0.01153007","0.01466887","583344","0.11172021",#2020ff,"0.5"
"2","2","753518","-0.00021089","0.54520824","0.43629623","0.48624281","0.51375719","0.36749244","0.12548967","0.0010593","0.00972805","0.01904511","581514","0.10891201",#2020ff,"0.5"
"3","3","754110","0.00057459","0.82053744","0.1542458","0.3098486","0.6901514","0.29914265","0.27802817","0.00159931","0.11291395","0.02478932","615265","0.66629164",#00008b,"0.5"
"4","4","754466","0.00104695","0.54341155","0.42577861","0.42916756","0.57083244","0.08120536","0.40739355","0.00112743","0.07630918","0.03259985","564113","0.11763294",#2020ff,"0.5"
"5","5","753532","-0.00019231","0.56050618","0.41492145","0.61312058","0.38687942","0.03096688","0.19518492","0.00131186","0.15508395","0.01728513","593053","0.14558473",#2020ff,"0.5"
"6","6","752991","-0.00091013","0.79995231","0.17669026","0.59844148","0.40155852","0.09846881","0.16296041","0.00155727","0.13062011","0.01805308","640223","0.62326205",#00008b,"0.5"
"7","7","754009","0.00044059","0.55231972","0.41971938","0.51242093","0.48757907","0.29134028","0.16532145","0.00094531","0.02394485","0.01680332","579707","0.13260034",#2020ff,"0.5"
"8","8","753335","-0.0004537","0.5513036","0.42964816","0.49952445","0.50047555","0.14762174","0.24017285","0.00123367","0.10593196","0.02434259","580382","0.12165544",#2020ff,"0.5"
"9","9","753188","-0.00064874","0.56596978","0.41189491","0.7437452","0.2562548","0.03780663","0.12498141","0.00101219","0.07788726","0.01653185","584871","0.15407487",#2020ff,"0.5"
"10","10","754500","0.00109206","0.55342998","0.42116108","0.63265285","0.36734715","0.07350974","0.20304915","0.00171308","0.07527321","0.02281043","575570","0.1322689",#2020ff,"0.5"
"11","11","754363","0.00091028","0.54806872","0.42735597","0.55645891","0.44354109","0.06416736","0.29503168","0.00111443","0.07556716","0.02698472","583256","0.12071275",#2020ff,"0.5"
"12","12","753213","-0.00061557","0.26254625","0.71801094","0.88627399","0.11372601","0.05125253","0.02360507","0.00107357","0.01227085","0.02056864","591483","-0.45546469",#960018,"0.5"
"13","13","754251","0.00076168","0.55244366","0.41993431","0.66700987","0.33299013","0.20979866","0.04528035","0.00141485","0.05629467","0.02011918","594408","0.13250935",#2020ff,"0.5"
"14","14","753717","5.315e-05","0.53676487","0.43377573","0.65402568","0.34597432","0.06967103","0.17150261","0.00111733","0.09156506","0.0187857","574586","0.10298914",#2020ff,"0.5"
"15","15","753019","-0.00087298","0.31510656","0.66224274","0.91414179","0.08585821","0.03046128","0.0213802","0.00099356","0.00997291","0.01883018","589798","-0.34713618",#960018,"0.5"
"16","16","753363","-0.00041655","0.55697455","0.41312779","0.6831684","0.3168316","0.09912206","0.15112314","0.00091899","0.05418776","0.01708634","582161","0.14384676",#2020ff,"0.5"
"17","17","753003","-0.0008942","0.5320406","0.44254695","0.70350585","0.29649415","0.14452269","0.09492859","0.00130434","0.03860449","0.01959419","585735","0.08949365",#6a6aff,"0.5"
"1","1","753749","-0.00026335","0.50147001","0.48260627","0.61162017","0.38837983","0.18368432","0.14749993","0.0056039","0.0410878","0.02047936","581024","0.01886374",#c5c5ff,"0.5"
"2","2","754525","0.00076589","0.50156783","0.48172593","0.70900515","0.29099485","0.13702598","0.09627699","0.0013481","0.03635729","0.02131039","578591","0.0198419",#c4c4ff,"0.5"
"3","3","753856","-0.00012143","0.28477514","0.69848311","0.90142472","0.09857528","0.02912856","0.03655953","0.00091236","0.01153482","0.01763072","567759","-0.41370797",#960018,"0.5"
"4","4","753493","-0.0006029","0.33747889","0.64452216","0.86305057","0.13694943","0.05133835","0.04043347","0.00113363","0.02033027","0.02002459","572496","-0.30704327",#960018,"0.5"
"5","5","753999","6.823e-05","0.56904184","0.41295708","0.63660819","0.36339181","0.18695122","0.09363765","0.00127155","0.06695108","0.01714642","564666","0.15608476",#2020ff,"0.5"
"6","6","753627","-0.00042517","0.27492035","0.70834301","0.87902685","0.12097315","0.02588281","0.05852631","0.00084184","0.01134156","0.02056035","578492","-0.43342266",#960018,"0.5"
"7","7","753747","-0.00026601","0.56314166","0.42062483","0.6591511","0.3408489","0.20276925","0.07523519","0.00136283","0.04409102","0.0203703","582613","0.14251683",#2020ff,"0.5"
"8","8","754027","0.00010537","0.31164271","0.67161476","0.891947","0.108053","0.04634575","0.02472593","0.00149073","0.01327994","0.01838052","585620","-0.35997205",#960018,"0.5"
"9","9","754505","0.00073937","0.28623518","0.69647196","0.89421281","0.10578719","0.02980985","0.03539199","0.00105966","0.01598265","0.02118118","581318","-0.41023678",#960018,"0.5"
"1","1","734609","0.00018925","0.24026807","0.74142883","0.8033938","0.1966062","0.02656465","0.12652771","0.00211054","0.01323637","0.03047933","554835","-0.50116076",#960018,"0.5"
"2","2","734867","0.00054053","0.31130921","0.67086781","0.83279579","0.16720421","0.03309401","0.06476587","0.00198629","0.02222654","0.04424628","551278","-0.3595586",#960018,"0.5"
"3","3","734576","0.00014432","0.54361825","0.4388497","0.70493864","0.29506136","0.09667427","0.11584368","0.00197674","0.05650374","0.02588748","558494","0.10476855",#2020ff,"0.5"
"4","4","733828","-0.0008741","0.54244089","0.4389942","0.68251967","0.31748033","0.10837086","0.1256966","0.00282978","0.04919348","0.03919895","564709","0.10344669",#2020ff,"0.5"
"1","1","750436","-0.00071463","0.25624639","0.73042462","0.86530155","0.13469845","0.07202929","0.02865321","0.00128747","0.01045726","0.02069648","577876","-0.47417823",#960018,"0.5"
"2","2","750774","-0.00026455","0.23811556","0.7489475","0.88363716","0.11636284","0.04731412","0.02988032","0.00167629","0.0147122","0.02009992","576868","-0.51083194",#960018,"0.5"
"3","3","751435","0.00061565","0.51925875","0.46233748","0.71576208","0.28423792","0.15336837","0.07093164","0.00229524","0.03991614","0.02025283","588609","0.05692127",#9494ff,"0.5"
"4","4","750595","-0.0005029","0.30400797","0.67937118","0.89932267","0.10067733","0.03564049","0.02728654","0.00146747","0.01306621","0.0197142","574459","-0.37536321",#960018,"0.5"
"5","5","751737","0.00101779","0.19401822","0.79213512","0.93300787","0.06699213","0.02351693","0.0153334","0.00070967","0.00658419","0.0187772","583367","-0.5981169",#960018,"0.5"
"6","6","750859","-0.00015136","0.51818689","0.46165028","0.70969126","0.29030874","0.18157231","0.05647471","0.00245744","0.03300894","0.01912579","582721","0.05653661",#9595ff,"0.5"
"1","1","775867","-0.00054855","0.23740424","0.74713979","0.75400632","0.24599368","0.13676121","0.06197937","0.00110613","0.02167375","0.02265356","585824","-0.50973555",#960018,"0.5"
"2","2","776635","0.00044077","0.63952093","0.33724238","0.42011041","0.57988959","0.42235883","0.110602","0.00121183","0.04163275","0.01762551","610649","0.30227855",#00008b,"0.5"
"3","3","776761","0.00060308","0.2535113","0.7322942","0.68976186","0.31023814","0.18637527","0.07319886","0.00089563","0.02438888","0.02771525","589531","-0.4787829",#960018,"0.5"
"4","4","776382","0.00011486","0.16196795","0.82737311","0.77715624","0.22284376","0.13383207","0.04154614","0.00166171","0.01704948","0.02790655","589754","-0.66540516",#960018,"0.5"
"5","5","776218","-9.64e-05","0.50934262","0.47609213","0.44091728","0.55908272","0.49217932","0.03777452","0.0011932","0.01416165","0.01777495","593363","0.03325049",#b3b3ff,"0.5"
"6","6","775894","-0.00051377","0.5623819","0.42059294","0.42775599","0.57224401","0.49365093","0.04945737","0.00092447","0.01993758","0.01251523","601427","0.14178896",#2020ff,"0.5"
"1","1","781497","0.00050584","0.58807322","0.37579013","0.72347799","0.27652201","0.07605048","0.15208829","0.00177064","0.03996994","0.01715258","631975","0.21228309",#00008b,"0.5"
"2","2","781157","7.056e-05","0.58238612","0.37720987","0.71391076","0.28608924","0.06879073","0.1162725","0.001318","0.0678099","0.01466252","619880","0.20517625",#00008b,"0.5"
"3","3","780230","-0.00111623","0.58679641","0.3737128","0.69322437","0.30677563","0.06679892","0.08022156","0.00110172","0.12609109","0.00925473","623573","0.21308361",#00008b,"0.5"
"4","4","781991","0.00113828","0.58395171","0.38086233","0.72459267","0.27540733","0.1171633","0.06722857","0.0012667","0.05942048","0.01147121","620510","0.20308938",#00008b,"0.5"
"5","5","780918","-0.00023542","0.60749509","0.35069217","0.74444744","0.25555256","0.06711761","0.06938435","0.00131965","0.09858423","0.01018779","638804","0.25680292",#00008b,"0.5"
"6","6","781210","0.00013841","0.58805918","0.37640778","0.69675348","0.30324652","0.06024491","0.20294258","0.00146789","0.04027452","0.01364843","617214","0.2116514",#00008b,"0.5"
"7","7","780786","-0.00040441","0.71830573","0.23859726","0.47693837","0.52306163","0.21149262","0.19975547","0.00183321","0.11344272","0.01352127","651862","0.47970847",#00008b,"0.5"
"8","8","781124","2.831e-05","0.63922637","0.31989372","0.77719373","0.22280627","0.0362066","0.06343225","0.00104061","0.09013113","0.01031727","618865","0.31933265",#00008b,"0.5"
"9","9","781004","-0.00012532","0.57961555","0.38522039","0.79535598","0.20464402","0.06384001","0.03513977","0.00122925","0.07451329","0.01089948","641040","0.19439516",#00008b,"0.5"
"1","1","771221","-0.00090926","0.61195177","0.35961384","0.46202245","0.53797755","0.40345602","0.09598552","0.0014311","0.03151376","0.01810914","607925","0.25233793",#00008b,"0.5"
"2","2","772145","0.00028776","0.58492822","0.3846874","0.587022","0.412978","0.26697553","0.06953763","0.00138479","0.05903455","0.02129623","610202","0.20024082",#00008b,"0.5"
"3","3","771828","-0.00012291","0.58631421","0.37969533","0.58212329","0.41787671","0.2765113","0.05194209","0.0013324","0.07802997","0.01446417","603422","0.20661888",#00008b,"0.5"
"4","4","772366","0.00057405","0.67304613","0.29144032","0.48107374","0.51892626","0.19994802","0.19984742","0.00177224","0.10962409","0.02173971","596420","0.38160581",#00008b,"0.5"
"5","5","772344","0.00054555","0.67476167","0.29787849","0.3657708","0.6342292","0.51749007","0.07201304","0.00205608","0.03562988","0.02241482","598711","0.37688318",#00008b,"0.5"
"6","6","771280","-0.00083282","0.60071529","0.36415845","0.6227081","0.3772919","0.12194475","0.0964717","0.00152338","0.14486503","0.01514591","603265","0.23655684",#00008b,"0.5"
"7","7","772570","0.00083833","0.65617641","0.31027416","0.4222597","0.5777403","0.4502057","0.06830929","0.00196528","0.04829281","0.0195944","599406","0.34590225",#00008b,"0.5"
"8","8","771649","-0.0003548","0.62390015","0.33608971","0.46377534","0.53622466","0.24411304","0.16561859","0.00158597","0.11956009","0.02287988","595851","0.28781044",#00008b,"0.5"
"1","1","680539","-0.00094028","0.52126939","0.45847973","0.91624535","0.08375465","0.02092822","0.01595958","0.00103006","0.0164519","0.02058305","550453","0.06278966",#8d8dff,"0.5"
"2","2","681820","0.00094028","0.52668936","0.45089828","0.916949","0.083051","0.01865512","0.01585149","0.00103818","0.01600159","0.02407832","559632","0.07579108",#7c7cff,"0.5"
"2","2","774683","-0.00063916","0.31576876","0.66935636","0.89606873","0.10393127","0.02582181","0.03937169","0.00093064","0.01088947","0.0201166","593142","-0.3535876",#960018,"0.5"
"3","3","774739","-0.00056692","0.53120113","0.45207878","0.77297313","0.22702687","0.0855821","0.08518585","0.00115576","0.0318543","0.02450534","605664","0.07912235",#7878ff,"0.5"
"4","4","774532","-0.00083395","0.51417201","0.47017993","0.76715783","0.23284217","0.10765692","0.06980861","0.0011127","0.02753598","0.02430055","603937","0.04399208",#a5a5ff,"0.5"
"5","5","774951","-0.00029343","0.54123216","0.43450754","0.76583173","0.23416827","0.08524594","0.04336829","0.00117853","0.08031887","0.02021383","615173","0.10672462",#2020ff,"0.5"
"6","6","774910","-0.00034632","0.55088385","0.43234713","0.58823481","0.41176519","0.29573036","0.07738536","0.00091908","0.01866576","0.022603","601690","0.11853672",#2020ff,"0.5"
"7","7","775553","0.00048316","0.51230433","0.47095065","0.78154374","0.21845626","0.10163849","0.05243486","0.00110267","0.038502","0.02347137","612150","0.04135368",#a9a9ff,"0.5"
"8","8","774771","-0.00052564","0.50083236","0.48457014","0.75334693","0.24665307","0.15554426","0.04562188","0.0008607","0.01676631","0.02552469","607647","0.01626222",#c9c9ff,"0.5"
"9","9","775767","0.00075923","0.31981272","0.66676305","0.89733222","0.10266778","0.02860044","0.02958141","0.00061904","0.01661426","0.01974714","610620","-0.34695033",#960018,"0.5"
"10","10","775999","0.00105852","0.54295005","0.43309147","0.60188564","0.39811436","0.29657268","0.02209659","0.0009755","0.06155606","0.016657","611995","0.10985858",#2020ff,"0.5"
"11","11","775054","-0.00016056","0.54787484","0.435225","0.63559577","0.36440423","0.25450439","0.02449628","0.00086133","0.06607033","0.01561335","611848","0.11264984",#2020ff,"0.5"
"12","12","775397","0.00028192","0.52728326","0.42250717","0.69884258","0.30115742","0.18635457","0.05514749","0.00093963","0.03685901","0.0204815","599175","0.10477609",#2020ff,"0.5"
"13","13","776021","0.0010869","0.58038832","0.39973549","0.66541361","0.33458639","0.19125478","0.04632444","0.00077495","0.07896352","0.01550226","614233","0.18065283",#2020ff,"0.5"
"2",MN,"712846","-0.00065241","0.53046763","0.44510722","0.81314081","0.18685919","0.05566186","0.05585431","0.00128116","0.05421024","0.01568554","545598","0.08536041",#6f6fff,"0.5"
"3",MN,"713017","-0.00041269","0.53925907","0.43567275","0.83080663","0.16919337","0.04807188","0.0524044","0.00130732","0.04782519","0.01775865","555335","0.10358632",#2020ff,"0.5"
"4",MN,"713289","-3.137e-05","0.54722277","0.42899187","0.72617096","0.27382904","0.07988293","0.04589987","0.00143506","0.10237095","0.0434935","547714","0.1182309",#2020ff,"0.5"
"5",MN,"713155","-0.00021922","0.54273549","0.42826105","0.7152274","0.2847726","0.13675568","0.05829032","0.00139903","0.06450599","0.02520608","550383","0.11447444",#2020ff,"0.5"
"6",MN,"713873","0.00078735","0.54207365","0.4331676","0.77260278","0.22739722","0.09420777","0.04152022","0.00114679","0.07233705","0.01538521","538894","0.10890605",#2020ff,"0.5"
"7",MN,"713606","0.00041304","0.2968518","0.68455453","0.91731095","0.08268905","0.01182396","0.03380705","0.00142883","0.00852357","0.02212945","546602","-0.38770273",#960018,"0.5"
"8",MN,"712617","-0.00097345","0.54374269","0.43349499","0.83239971","0.16760029","0.05136097","0.03514767","0.00132555","0.04489466","0.03016296","557505","0.1102477",#2020ff,"0.5"
"1","1","769375","1.414e-05","0.52092599","0.4616904","0.72305377","0.27694623","0.18179861","0.03168054","0.00102742","0.03587993","0.02228532","613184","0.05923559",#9292ff,"0.5"
"2","2","769169","-0.00025362","0.54212155","0.44267528","0.61579181","0.38420819","0.29486594","0.0349186","0.00117312","0.03176764","0.02022488","589027","0.09944627",#2020ff,"0.5"
"3","3","770003","0.00083039","0.52370016","0.45742946","0.79793055","0.20206945","0.08603259","0.03117871","0.00122722","0.05979906","0.01894772","606247","0.0662707",#8888ff,"0.5"
"4","4","768875","-0.00063575","0.28271404","0.70507932","0.85216382","0.14783618","0.0444606","0.04563285","0.00379877","0.01450534","0.0346086","588611","-0.42236528",#960018,"0.5"
"5","5","769535","0.0002221","0.61228981","0.37010064","0.61952342","0.38047658","0.2260038","0.09132311","0.00414113","0.03498128","0.02932375","595490","0.24218917",#00008b,"0.5"
"6","6","768560","-0.00104518","0.25618545","0.73219266","0.89225907","0.10774093","0.03579288","0.02874198","0.00218722","0.01006765","0.02589622","590704","-0.47600721",#960018,"0.5"
"7","7","769217","-0.00019123","0.28076735","0.70688848","0.85038047","0.14961953","0.02626385","0.0495487","0.00448948","0.01903538","0.04573391","595838","-0.42612113",#960018,"0.5"
"8","8","770179","0.00105915","0.19331485","0.79798999","0.8877506","0.1122494","0.04584157","0.01765936","0.00099244","0.009859","0.03068845","596511","-0.60467514",#960018,"0.5"
"1","1","740449","0.00017459","0.24262511","0.74671534","0.72688403","0.27311597","0.20921852","0.02988055","0.00073378","0.0105411","0.02259033","566924","-0.50409023",#960018,"0.5"
"2","2","739767","-0.00074664","0.52704393","0.46017906","0.42319402","0.57680598","0.52613025","0.02691119","0.00071491","0.01404636","0.01215872","567905","0.06686487",#8888ff,"0.5"
"3","3","740112","-0.00028062","0.52572517","0.46326754","0.44660846","0.55339154","0.50934695","0.02297971","0.00080478","0.01155143","0.01161907","576552","0.06245763",#8e8eff,"0.5"
"4","4","740951","0.00085267","0.25224759","0.73780575","0.71621884","0.28378116","0.19782487","0.0409118","0.00163894","0.02137693","0.02237654","566218","-0.48555816",#960018,"0.5"
"1","1","541754","-0.0006613","0.49548894","0.47005095","0.84074669","0.15925331","0.01045493","0.04092591","0.00233136","0.01621914","0.08309802","428506","0.02543799",#bcbcff,"0.5"
"2","2","542471","0.0006613","0.27812782","0.6932648","0.87114134","0.12885866","0.00702533","0.0293418","0.00229829","0.01092224","0.0724022","421617","-0.41513698",#960018,"0.5"
"1","1","746463","0.00106271","0.53855861","0.45074982","0.47178373","0.52821627","0.44511546","0.05459838","0.00142826","0.01433188","0.02030138","588827","0.08780879",#6e6eff,"0.5"
"2","2","745585","-0.00011476","0.55674601","0.42213289","0.6548541","0.3451459","0.13334344","0.09002612","0.00145146","0.10496688","0.01808083","560815","0.13461312",#2020ff,"0.5"
"3","3","745906","0.00031573","0.31184379","0.67762422","0.72020053","0.27979947","0.11931007","0.06691538","0.00263556","0.0151553","0.07866153","597217","-0.36578043",#960018,"0.5"
"4","4","745844","0.00023258","0.56006994","0.42504181","0.58648575","0.41351425","0.25162285","0.10680153","0.00146879","0.03471923","0.0269245","592323","0.13502813",#2020ff,"0.5"
"5","5","746165","0.00066307","0.23182981","0.75789208","0.83006871","0.16993129","0.07440521","0.06010109","0.00079118","0.01192718","0.02300884","588991","-0.52606227",#960018,"0.5"
"6","6","745531","-0.00018718","0.5515053","0.43134468","0.59641861","0.40358139","0.24874509","0.09785634","0.00131699","0.04215569","0.02138697","583907","0.12016062",#2020ff,"0.5"
"7","7","745688","2.337e-05","0.55648286","0.42848102","0.55746498","0.44253502","0.26782603","0.10781348","0.00413675","0.04600091","0.0305482","573880","0.12800184",#2020ff,"0.5"
"8","8","746031","0.00048336","0.55511012","0.42633831","0.58876788","0.41123212","0.21684279","0.10600195","0.00168536","0.06300973","0.03039375","575546","0.12877181",#2020ff,"0.5"
"9","9","744750","-0.00123456","0.55154217","0.43290127","0.55633621","0.44366379","0.30134145","0.09454433","0.00124499","0.03301051","0.02223046","574302","0.1186409",#2020ff,"0.5"
"10","10","745574","-0.00012951","0.28449551","0.7048957","0.79811735","0.20188265","0.09112283","0.066432","0.00096573","0.0218619","0.02196257","586088","-0.42040019",#960018,"0.5"
"11","11","744828","-0.00112995","0.33265544","0.65435403","0.85386371","0.14613629","0.04186442","0.05331587","0.00141164","0.01356727","0.03595565","606386","-0.32169859",#960018,"0.5"
"12","12","745636","-4.636e-05","0.57457197","0.40413374","0.47731949","0.52268051","0.30969408","0.14097585","0.00145591","0.06013014","0.02182263","561848","0.17043823",#2020ff,"0.5"
"13","13","746320","0.00087093","0.55220577","0.43195537","0.53706335","0.46293665","0.29228549","0.11931683","0.00198691","0.03854229","0.0226418","577781","0.1202504",#2020ff,"0.5"
"14","14","745067","-0.00080943","0.57224385","0.41057517","0.66011397","0.33988603","0.2104556","0.08399865","0.00209473","0.02576347","0.02127087","587188","0.16166868",#2020ff,"0.5"
"1","1","779094","0","0.3051079","0.66956852","0.84408473","0.15591527","0.03597425","0.03624099","0.0022832","0.02213077","0.05876768","596093","-0.36446062",#960018,"0.5"
"1","1","653262","-0.00087586","0.58766628","0.39677485","0.69217888","0.30782112","0.11421215","0.11849745","0.00198796","0.05238965","0.02607706","501015","0.19089143",#2020ff,"0.5"
"2","2","654096","0.00039969","0.39499702","0.59238679","0.84322402","0.15677598","0.02997935","0.06629833","0.00183959","0.03345229","0.02355848","479997","-0.19738977",#ff2020,"0.5"
"3","3","654146","0.00047617","0.21046719","0.77825354","0.84367874","0.15632126","0.01421892","0.10927764","0.00151076","0.01017743","0.0228048","495115","-0.56778635",#960018,"0.5"
"1","1","688457","-0.00044645","0.50965425","0.47592038","0.85981788","0.14018212","0.02531041","0.05144487","0.00117055","0.04132825","0.01445412","557004","0.03373387",#b2b2ff,"0.5"
"2","2","689072","0.00044645","0.50356859","0.4813936","0.9168902","0.0831098","0.0136142","0.019772","0.0009988","0.01916349","0.0199636","563676","0.02217499",#c1c1ff,"0.5"
"1","1","773310","-0.00035506","0.5228233","0.45845821","0.6967147","0.3032853","0.11798197","0.10558482","0.0017601","0.07143206","0.0147266","614738","0.06436509",#8b8bff,"0.5"
"2","2","773086","-0.00064462","0.51384544","0.46937365","0.60075147","0.39924853","0.19210205","0.16605758","0.00162736","0.03566268","0.02093677","602815","0.04447179",#a5a5ff,"0.5"
"3","3","774196","0.00079026","0.53754464","0.44219474","0.63292585","0.36707415","0.14027645","0.10233227","0.00142879","0.115219","0.01311781","614508","0.0953499",#6363ff,"0.5"
"4","4","772975","-0.00078811","0.32371981","0.66035243","0.83540753","0.16459247","0.03495516","0.08870082","0.00081771","0.02645974","0.01209811","590671","-0.33663262",#960018,"0.5"
"5","5","773714","0.00016719","0.49676935","0.4830244","0.61628703","0.38371297","0.05879621","0.14318018","0.00136037","0.17910117","0.0095669","609393","0.01374495",#ccccff,"0.5"
"6","6","772938","-0.00083594","0.51110915","0.46099216","0.48920857","0.51079143","0.12175139","0.1944596","0.00143222","0.18866868","0.01347948","612338","0.05011699",#9d9dff,"0.5"
"7","7","774393","0.00104492","0.52525463","0.45034374","0.62835239","0.37164761","0.1044061","0.16211657","0.00122201","0.09724119","0.01215996","598193","0.07491089",#7d7dff,"0.5"
"8","8","773827","0.00031326","0.58024357","0.39266621","0.27728488","0.72271512","0.11439423","0.50951522","0.00218194","0.10751046","0.02329751","609550","0.18757736",#2020ff,"0.5"
"9","9","774297","0.00092082","0.51421188","0.45655014","0.40088092","0.59911908","0.13831512","0.38344698","0.00155515","0.09283203","0.01846572","601872","0.05766174",#9393ff,"0.5"
"10","10","773491","-0.00012108","0.75782792","0.22027741","0.16313261","0.83686739","0.49934997","0.22313763","0.00209868","0.11219311","0.01508759","602283","0.53755051",#00008b,"0.5"
"11","11","774158","0.00074114","0.50267238","0.47670387","0.6902853","0.3097147","0.07184542","0.12169095","0.00093401","0.10668472","0.01102689","612412","0.02596851",#bcbcff,"0.5"
"12","12","772631","-0.00123279","0.5509261","0.41929053","0.50818318","0.49181682","0.15032561","0.16673279","0.00136971","0.17122557","0.0134898","612537","0.13163557",#2020ff,"0.5"
"1","1","706028","0.0002654","0.53505769","0.44062435","0.47776208","0.52223792","0.034578","0.40666627","0.00262761","0.03527654","0.06103138","558303","0.09443334",#6464ff,"0.5"
"2","2","705447","-0.00055773","0.49904519","0.47949698","0.34059666","0.65940334","0.02969534","0.56774733","0.00265001","0.02094325","0.06247243","537357","0.01954821",#c4c4ff,"0.5"
"3","3","706047","0.00029232","0.51936739","0.45766271","0.39442769","0.60557231","0.02054004","0.3582323","0.00241658","0.01890751","0.2223938","543329","0.06170468",#8e8eff,"0.5"
"1","1","776755","0.00077659","0.49711952","0.48543864","0.42581503","0.57418497","0.11468813","0.34113974","0.01484923","0.10072598","0.0298616","588448","0.01168088",#cfcfff,"0.5"
"2","2","776598","0.00057431","0.41854783","0.55808277","0.66780569","0.33219431","0.02810543","0.19774725","0.00895572","0.05956087","0.04507304","611341","-0.13953494",#ff2020,"0.5"
"3","3","775576","-0.00074244","0.49786584","0.48546087","0.44205737","0.55794263","0.1233713","0.21393178","0.01828948","0.20294188","0.02364337","616748","0.01240497",#ceceff,"0.5"
"4","4","775685","-0.00060201","0.49747651","0.48421505","0.45943541","0.54056459","0.17103365","0.26109731","0.01563031","0.08793393","0.0307814","596789","0.01326146",#ccccff,"0.5"
"1","1","776854","-0.00015073","0.50456308","0.48057771","0.58987697","0.41012303","0.10968371","0.24544074","0.00109789","0.05167892","0.01910431","615725","0.02398537",#bfbfff,"0.5"
"2","2","776975","5e-06","0.38490519","0.60386005","0.74902859","0.25097141","0.06138135","0.13666762","0.00096457","0.04559398","0.012322","621003","-0.21895486",#960018,"0.5"
"3","3","776794","-0.00022796","0.5939687","0.39292646","0.30851018","0.69148982","0.30679645","0.28321656","0.00228881","0.13082719","0.01712585","608612","0.20104224",#00008b,"0.5"
"4","4","777435","0.00059704","0.52540091","0.46029258","0.47152386","0.52847614","0.19282766","0.2093999","0.00135779","0.1265485","0.01309544","613496","0.06510833",#8a8aff,"0.5"
"5","5","776211","-0.00097831","0.56082977","0.43010697","0.3931011","0.6068989","0.41120506","0.13666593","0.00231459","0.05785996","0.0154552","610474","0.1307228",#2020ff,"0.5"
"6","6","777515","0.00070001","0.53032591","0.44676139","0.20716265","0.79283735","0.08242773","0.18306897","0.00254923","0.52163785","0.01405216","637055","0.08356452",#7272ff,"0.5"
"7","7","776531","-0.00056645","0.62313421","0.35299507","0.29777619","0.70222381","0.13786495","0.352945","0.00419084","0.20320336","0.0294595","630900","0.27013914",#00008b,"0.5"
"8","8","776898","-9.41e-05","0.67869402","0.30736834","0.28985793","0.71014207","0.49001024","0.15239519","0.00206448","0.09415911","0.0137192","613228","0.37132568",#00008b,"0.5"
"9","9","776713","-0.00033221","0.63983254","0.34262168","0.31355346","0.68644654","0.44325326","0.11310539","0.00159132","0.13956799","0.01239667","590078","0.29721086",#00008b,"0.5"
"10","10","777538","0.00072961","0.66784337","0.30420252","0.39300339","0.60699661","0.11582096","0.21028141","0.00203356","0.28916272","0.01787629","610753","0.36364085",#00008b,"0.5"
"11","11","777283","0.00040141","0.56618348","0.41409017","0.58737539","0.41262461","0.1225907","0.16713496","0.00199312","0.12703851","0.01471198","619631","0.15209331",#2020ff,"0.5"
"12","12","777596","0.00080426","0.79673809","0.18235064","0.6702499","0.3297501","0.05580489","0.09955149","0.00380689","0.16655243","0.00784999","690065","0.61438745",#00008b,"0.5"
"13","13","777244","0.00035122","0.82913502","0.15264287","0.3360888","0.6639112","0.26995135","0.34976596","0.00260415","0.09086615","0.0227012","652036","0.67649215",#00008b,"0.5"
"14","14","776232","-0.00095128","0.65849601","0.31999712","0.23634899","0.76365101","0.14207129","0.47133717","0.00270717","0.17409682","0.03218761","623159","0.33849889",#00008b,"0.5"
"15","15","776531","-0.00056645","0.68940431","0.29967124","0.07009743","0.92990257","0.35437888","0.62494483","0.00432796","0.04589351","0.03169369","582261","0.38973307",#00008b,"0.5"
"16","16","776679","-0.00037597","0.52089324","0.46996839","0.52117996","0.47882004","0.15205502","0.25279175","0.00164164","0.07933958","0.01571858","573207","0.05092485",#9d9dff,"0.5"
"17","17","777258","0.00036923","0.57814703","0.41612615","0.60206692","0.39793308","0.13430349","0.19791128","0.0012204","0.06034789","0.01441526","605539","0.16202088",#2020ff,"0.5"
"18","18","777180","0.00026884","0.53626221","0.45707321","0.65098096","0.34901904","0.13054351","0.17266714","0.00137795","0.03911734","0.02045926","619035","0.079189",#7979ff,"0.5"
"19","19","776637","-0.00043002","0.53561","0.45436369","0.76851536","0.23148464","0.10225708","0.06608458","0.00134876","0.0431065","0.02045966","630949","0.08124631",#7676ff,"0.5"
"20","20","776238","-0.00094356","0.34807569","0.64907252","0.8846074","0.1153926","0.03547664","0.03284632","0.00133313","0.01138062","0.02697303","612093","-0.30099683",#960018,"0.5"
"21","21","777030","7.579e-05","0.3403665","0.65288849","0.91230976","0.08769024","0.02358555","0.02372732","0.00089896","0.00978704","0.02144126","620719","-0.31252199",#960018,"0.5"
"22","22","777935","0.00124057","0.52960174","0.46061994","0.81878312","0.18121688","0.05709208","0.04620154","0.00161932","0.04923138","0.01967885","627425","0.0689818",#8686ff,"0.5"
"23","23","776482","-0.00062952","0.54225947","0.45169155","0.78834204","0.21165796","0.0994623","0.04723575","0.0012331","0.04371656","0.02022605","616334","0.09056792",#6b6bff,"0.5"
"24","24","777608","0.0008197","0.56318077","0.4256073","0.83146976","0.16853024","0.05245862","0.04261139","0.00109538","0.05306363","0.0154897","628095","0.13757347",#2020ff,"0.5"
"25","25","777426","0.00058546","0.54351386","0.44576201","0.69007836","0.30992164","0.17565076","0.08470229","0.00131065","0.03710372","0.01981644","618779","0.09775185",#6161ff,"0.5"
"26","26","776426","-0.00070159","0.53948979","0.44688214","0.73199953","0.26800047","0.14973505","0.05562411","0.00093282","0.04890329","0.01594373","617484","0.09260765",#6767ff,"0.5"
"1","1","787023","0.00050079","0.5330426","0.45720139","0.65188566","0.34811434","0.24323778","0.04386701","0.00170512","0.04292479","0.0179087","613445","0.07584121",#7d7dff,"0.5"
"2","2","785749","-0.00111878","0.25014697","0.74236783","0.93036282","0.06963718","0.02012895","0.01249536","0.00077716","0.00884123","0.02251629","608626","-0.49222086",#960018,"0.5"
"3","3","786130","-0.00063444","0.50024884","0.4906945","0.7656695","0.2343305","0.1384338","0.0446512","0.00121516","0.02949939","0.0213127","622962","0.00955434000000005",#d1d1ff,"0.5"
"4","4","787296","0.00084784","0.26777764","0.72320152","0.89736852","0.10263148","0.03031968","0.04212868","0.00093623","0.00836519","0.01766495","607757","-0.45542388",#960018,"0.5"
"5","5","785943","-0.00087216","0.27600837","0.71541279","0.91219634","0.08780366","0.03887091","0.01585431","0.00087695","0.00820244","0.01906704","606649","-0.43940442",#960018,"0.5"
"6","6","787514","0.00112497","0.27029725","0.72171807","0.92639747","0.07360253","0.02648523","0.0138082","0.00063698","0.00684313","0.01966457","623253","-0.45142082",#960018,"0.5"
"7","7","786041","-0.00074758","0.53849952","0.45308808","0.78218143","0.21781857","0.08769534","0.07765691","0.00125778","0.0377811","0.01572862","629680","0.08541144",#7171ff,"0.5"
"8","8","785891","-0.00093827","0.26409822","0.72783438","0.88731781","0.11268219","0.04655311","0.02453057","0.00161444","0.01627897","0.02077018","602065","-0.46373616",#960018,"0.5"
"9","9","786307","-0.00040943","0.52759787","0.46284983","0.73242415","0.26757585","0.15406781","0.07519934","0.00088163","0.01978802","0.02060482","617040","0.06474804",#8b8bff,"0.5"
"10","10","787181","0.00070164","0.52774065","0.46222415","0.70790877","0.29209123","0.18980808","0.03283667","0.00144931","0.05010318","0.01790717","607187","0.0655165",#8a8aff,"0.5"
"11","11","786724","0.00012068","0.54407257","0.44785346","0.62583298","0.37416702","0.30729218","0.03493319","0.00089331","0.01562885","0.01677144","625766","0.09621911",#6363ff,"0.5"
"12","12","787026","0.0005046","0.5382458","0.45169623","0.70623991","0.29376009","0.16747746","0.03792457","0.0011341","0.06910887","0.01805924","590778","0.08654957",#6f6fff,"0.5"
"13","13","786889","0.00033044","0.50534204","0.48548305","0.78855936","0.21144064","0.13159755","0.02316727","0.00087687","0.03212351","0.02016316","623811","0.01985899",#c4c4ff,"0.5"
"14","14","786743","0.00014484","0.54229238","0.45039827","0.7426558","0.2573442","0.18472966","0.02236358","0.00078085","0.03472227","0.01266396","622396","0.09189411",#6969ff,"0.5"
"15","15","786991","0.00046011","0.5343884","0.45483248","0.70629072","0.29370928","0.16646292","0.0449165","0.001399","0.06306721","0.01886011","606147","0.07955592",#7878ff,"0.5"
"1","1","792178","0.00039047","0.56395511","0.42102922","0.50817992","0.49182008","0.19147614","0.18420511","0.00277526","0.0355526","0.09751298","606791","0.14292589",#2020ff,"0.5"
"2","2","791222","-0.0008168","0.27305983","0.70460839","0.66318285","0.33681715","0.0431885","0.06636861","0.00172212","0.0319412","0.19846046","598099","-0.43154856",#960018,"0.5"
"3","3","792703","0.00105346","0.21034539","0.7726406","0.71448496","0.28551504","0.05867546","0.10468311","0.00598647","0.0154606","0.10889235","598683","-0.56229521",#960018,"0.5"
"4","4","791123","-0.00094182","0.21472247","0.76920618","0.68602695","0.31397305","0.05290619","0.04738183","0.00180296","0.00977691","0.20866379","606224","-0.55448371",#960018,"0.5"
"5","5","792127","0.00032606","0.38555589","0.58963397","0.69097905","0.30902095","0.08269415","0.08779483","0.00266267","0.05237968","0.08925597","600901","-0.20407808",#960018,"0.5"
"1","1","705873","-0.00047625","0.55248653","0.41124215","0.80332577","0.19667423","0.02915739","0.07166952","0.0062865","0.04156104","0.04454434","584586","0.14124438",#2020ff,"0.5"
"2","2","705641","-0.00080477","0.55109547","0.41160226","0.80152594","0.19847406","0.02100324","0.08069293","0.00566625","0.04640258","0.04156369","566865","0.13949321",#2020ff,"0.5"
"3","3","706531","0.00045548","0.55319973","0.40867772","0.68127587","0.31872413","0.0483559","0.1477919","0.00965491","0.0773369","0.04129865","553190","0.14452201",#2020ff,"0.5"
"4","4","706847","0.00090294","0.55295025","0.410303","0.79729057","0.20270943","0.01797409","0.09031262","0.00654553","0.04254419","0.04180086","574438","0.14264725",#2020ff,"0.5"
"5","5","706145","-9.11e-05","0.55195594","0.4108762","0.71377832","0.28622168","0.02023552","0.1463654","0.00846296","0.07917722","0.03496178","545081","0.14107974",#2020ff,"0.5"
"6","6","706219","1.369e-05","0.55591983","0.40371546","0.69235963","0.30764037","0.0245182","0.16164555","0.01082907","0.07832869","0.03882033","546492","0.15220437",#2020ff,"0.5"
"3","3","764681","-0.00024018","0.63887123","0.35010279","0.52027535","0.47972465","0.28319857","0.08909586","0.0016642","0.09988994","0.01151677","603294","0.28876844",#00008b,"0.5"
"4","4","765026","0.00021088","0.55738527","0.43193187","0.77861073","0.22138927","0.07575996","0.05551536","0.00107117","0.07803143","0.00958589","604013","0.1254534",#2020ff,"0.5"
"5","5","764854","-1.4e-05","0.55094139","0.43881239","0.59131602","0.40868398","0.31469606","0.05330485","0.00116859","0.03118597","0.01520177","593023","0.112129",#2020ff,"0.5"
"6","6","764528","-0.00044022","0.5541161","0.43529365","0.72878534","0.27121466","0.15328825","0.04910597","0.00097786","0.05803356","0.01119121","591089","0.11882245",#2020ff,"0.5"
"7","7","764655","-0.00027417","0.56546356","0.42389994","0.70452328","0.29547672","0.18746176","0.04597532","0.00077229","0.05107377","0.01142561","604694","0.14156362",#2020ff,"0.5"
"8","8","764588","-0.00036177","0.50099481","0.48933352","0.79268583","0.20731417","0.07573066","0.07991597","0.00150164","0.04143232","0.01318228","622654","0.01166129",#cfcfff,"0.5"
"9","9","764750","-0.00014997","0.55452552","0.43492498","0.70763031","0.29236969","0.10828096","0.13909438","0.00159517","0.04155389","0.0157115","603698","0.11960054",#2020ff,"0.5"
"10","10","765598","0.00095872","0.52510685","0.4633224","0.69359057","0.30640943","0.12944877","0.11645355","0.00130519","0.05608813","0.01442543","599913","0.06178445",#8f8fff,"0.5"
"11","11","764568","-0.00038792","0.27297577","0.71855216","0.89628836","0.10371164","0.02679438","0.05485701","0.00093268","0.00877903","0.01228768","607926","-0.44557639",#960018,"0.5"
"12","12","765316","0.00059003","0.53684351","0.45289918","0.79961483","0.20038517","0.11961698","0.02330928","0.00081587","0.04142765","0.01198668","632452","0.08394433",#7373ff,"0.5"
"13","13","765359","0.00064625","0.28631092","0.70507895","0.91936626","0.08063374","0.02663648","0.02056535","0.00078941","0.00888534","0.01661667","614383","-0.41876803",#960018,"0.5"
"14","14","764620","-0.00031993","0.27675196","0.71482008","0.91533494","0.08466506","0.02633633","0.02866655","0.00070395","0.00848981","0.01503723","613677","-0.43806812",#960018,"0.5"
"15","15","764566","-0.00039053","0.26397054","0.72783005","0.93886243","0.06113757","0.01866147","0.0129386","0.00059553","0.00656532","0.01362934","619619","-0.46385951",#960018,"0.5"
"16","16","765189","0.00042399","0.5024378","0.48821397","0.84371376","0.15628624","0.08226548","0.02485538","0.00084347","0.02921359","0.01349882","610572","0.01422383",#cbcbff,"0.5"
"17","17","764267","-0.00078145","0.51609943","0.47539438","0.82081889","0.17918111","0.10522745","0.02030272","0.00098202","0.0366384","0.01243355","616075","0.04070505",#aaaaff,"0.5"
"1","1","549309","0.00112905","0.55571185","0.41808717","0.75648115","0.24351885","0.07611535","0.10802738","0.00175269","0.03808124","0.01592235","445600","0.13762468",#2020ff,"0.5"
"2","2","548070","-0.00112905","0.55520557","0.4171563","0.69083969","0.30916031","0.08246492","0.17613588","0.0019774","0.04519745","0.02161115","441994","0.13804927",#2020ff,"0.5"
"1","1","730310","-0.00122206","0.48934591","0.49499668","0.65509673","0.34490327","0.22552781","0.07765398","0.00182719","0.0251239","0.0167693","582314","-0.00565077",#ffd6d6,"0.5"
"2","2","731236","4.435e-05","0.54450593","0.44007234","0.51998232","0.48001768","0.388376","0.05218318","0.00165017","0.02426202","0.02017299","576910","0.10443359",#2020ff,"0.5"
"3","3","731553","0.00047788","0.31354202","0.67339765","0.70362231","0.29637769","0.20728227","0.05323484","0.00127219","0.01557067","0.02133863","568312","-0.35985563",#960018,"0.5"
"4","4","731122","-0.00011156","0.31303186","0.6712906","0.7474173","0.2525827","0.13471077","0.07308602","0.00117048","0.02251557","0.02198163","574980","-0.35825874",#960018,"0.5"
"5","5","731688","0.00066251","0.32198768","0.66505854","0.74314619","0.25685381","0.14801319","0.05623597","0.00100162","0.03029264","0.02122603","557099","-0.34307086",#960018,"0.5"
"6","6","730698","-0.00069142","0.54272787","0.44301585","0.44013175","0.55986825","0.49509509","0.0361606","0.0015201","0.01769721","0.01574329","571672","0.09971202",#2020ff,"0.5"
"7","7","731818","0.0008403","0.34150613","0.64633921","0.73267452","0.26732548","0.16894301","0.05405257","0.00172676","0.01957738","0.02183743","583173","-0.30483308",#960018,"0.5"
"1","1","886667","0","0.34193813","0.63474988","0.83089555","0.16910445","0.02234724","0.03564411","0.00154351","0.01853703","0.09057534","669255","-0.29281175",#960018,"0.5"
"1","1","768013","0.00018478","0.24037003","0.74807982","0.88797346","0.11202654","0.02753279","0.03928258","0.0007972","0.01543971","0.02530225","614649","-0.50770979",#960018,"0.5"
"2","2","767932","7.93e-05","0.1987521","0.79203879","0.91045478","0.08954522","0.024474","0.02759018","0.00112228","0.00888653","0.02438881","610362","-0.59328669",#960018,"0.5"
"3","3","767651","-0.00028665","0.51630383","0.46824792","0.49664752","0.50335248","0.40151668","0.06071081","0.00113877","0.02519735","0.01894252","595380","0.04805591",#a0a0ff,"0.5"
"4","4","768489","0.00080468","0.22325745","0.76608508","0.84139591","0.15860409","0.0663593","0.04837544","0.00104816","0.01415521","0.0277341","593421","-0.54282763",#960018,"0.5"
"5","5","767244","-0.00081669","0.49816822","0.4835978","0.63269387","0.36730613","0.18399417","0.12006381","0.00166874","0.04238058","0.02494244","598057","0.01457042",#cbcbff,"0.5"
"6","6","767099","-0.00100552","0.2550442","0.73384163","0.84246406","0.15753594","0.06317454","0.05003852","0.0012097","0.01709626","0.02453859","591884","-0.47879743",#960018,"0.5"
"7","7","768296","0.00055333","0.53521888","0.44615172","0.65761159","0.34238841","0.20519218","0.07391173","0.00277152","0.04328249","0.02090488","603639","0.08906716",#6b6bff,"0.5"
"8","8","768870","0.00130085","0.23254737","0.75635099","0.84500113","0.15499887","0.08384182","0.03050749","0.00111127","0.01514618","0.02151567","590314","-0.52380362",#960018,"0.5"
"9","9","767246","-0.00081408","0.51552507","0.46802472","0.49252429","0.50747571","0.39820917","0.06106683","0.00123899","0.03330283","0.01725728","586767","0.04750035",#a1a1ff,"0.5"
"3","3","766777","-0.00027376","0.50499816","0.45990582","0.49379049","0.50620951","0.15478677","0.20051702","0.00183992","0.1333131","0.02592597","586439","0.04509234",#a3a3ff,"0.5"
"4","4","766571","-0.00054235","0.52619484","0.44657642","0.35492344","0.64507656","0.12089227","0.37985014","0.00193749","0.13113352","0.0275123","583230","0.07961842",#7676ff,"0.5"
"5","5","767017","3.915e-05","0.56837199","0.41869017","0.32513623","0.67486377","0.38787344","0.25955821","0.00150469","0.01508944","0.02587597","563573","0.14968182",#2020ff,"0.5"
"6","6","767311","0.00042247","0.55085167","0.43278465","0.37474278","0.62525722","0.21001685","0.33730507","0.00428796","0.06323101","0.02550008","579763","0.11806702",#2020ff,"0.5"
"7","7","767681","0.00090487","0.51792281","0.46008261","0.31880837","0.68119163","0.14648623","0.38888233","0.00172043","0.13893441","0.02187424","576020","0.0578402",#9393ff,"0.5"
"8","8","767354","0.00047853","0.50382706","0.47809136","0.259639","0.740361","0.15934233","0.49523484","0.00140365","0.07950997","0.02888802","552132","0.0257357",#bcbcff,"0.5"
"9","9","766754","-0.00030375","0.53603895","0.44657919","0.30713788","0.69286212","0.27168653","0.2800149","0.0015002","0.13399173","0.02231849","569259","0.08945976",#6b6bff,"0.5"
"10","10","767804","0.00106524","0.54049643","0.43911023","0.5144397","0.4855603","0.11484972","0.26239","0.00251696","0.09389999","0.02531911","601917","0.1013862",#2020ff,"0.5"
"11","11","766380","-0.00079137","0.19842544","0.79234537","0.44655513","0.55344487","0.04931879","0.47255129","0.00196997","0.01608396","0.02541016","561429","-0.59391993",#960018,"0.5"
"12","12","766107","-0.00114731","0.1835002","0.8076056","0.73092824","0.26907176","0.04004566","0.18798234","0.00203742","0.01355422","0.02940652","606158","-0.6241054",#960018,"0.5"
"13","13","766616","-0.00048368","0.19978536","0.79090742","0.65952095","0.34047905","0.06477906","0.2178099","0.00164359","0.02425497","0.03819453","581654","-0.59112206",#960018,"0.5"
"14","14","766608","-0.00049411","0.50898177","0.4782256","0.38476907","0.61523093","0.32131908","0.22482235","0.00177821","0.05812389","0.02166041","587108","0.03075617",#b6b6ff,"0.5"
"15","15","766728","-0.00033765","0.48388513","0.50669519","0.07622727","0.92377273","0.00807082","0.8999881","0.00043153","0.0145643","0.01510558","537616","-0.02281006",#ffc0c0,"0.5"
"16","16","766466","-0.00067925","0.5676865","0.41756766","0.13893816","0.86106184","0.04445986","0.79351843","0.00338827","0.02300142","0.02407434","572269","0.15011884",#2020ff,"0.5"
"18","18","766980","-9.09e-06","0.51926882","0.4690887","0.31394188","0.68605812","0.30318915","0.33616465","0.00371477","0.03693235","0.02641636","561811","0.05018012",#9e9eff,"0.5"
"27","27","767415","0.00055806","0.25230643","0.73599565","0.60694461","0.39305539","0.08361479","0.24569886","0.00137995","0.04424818","0.02434409","579730","-0.48368922",#960018,"0.5"
"19","19","765998","-0.00128943","0.24112476","0.7492423","0.6630243","0.3369757","0.05901284","0.22370287","0.00176603","0.02633442","0.03139247","583229","-0.50811754",#960018,"0.5"
"20","20","767626","0.00083316","0.51331594","0.47493798","0.22706412","0.77293588","0.06400935","0.69038309","0.0020284","0.01358359","0.02790995","580259","0.03837796",#adadff,"0.5"
"21","21","767272","0.00037162","0.52127676","0.46267088","0.40017809","0.59982191","0.11383501","0.41446407","0.00446067","0.06478113","0.02897748","591839","0.05860588",#9292ff,"0.5"
"22","22","767423","0.00056849","0.22316927","0.76638565","0.71441139","0.28558861","0.10622702","0.12590068","0.00162291","0.01796779","0.03624495","578591","-0.54321638",#960018,"0.5"
"23","23","767038","6.653e-05","0.49650425","0.49048619","0.26338431","0.73661569","0.06767804","0.62675947","0.00342845","0.03747219","0.02836949","569062","0.00601806",#d6d6ff,"0.5"
"24","24","766312","-0.00088003","0.51422391","0.46017276","0.49610469","0.50389531","0.13067273","0.23994113","0.00164948","0.11751072","0.02394201","591095","0.05405115",#9898ff,"0.5"
"25","25","767928","0.00122691","0.35594707","0.63034184","0.66338194","0.33661806","0.06867988","0.15710862","0.00297421","0.0839454","0.02936002","567881","-0.27439477",#960018,"0.5"
"26","26","766362","-0.00081484","0.49780987","0.47971599","0.46563841","0.53436159","0.14652692","0.19125887","0.00223634","0.17832972","0.02633678","576836","0.01809388",#c6c6ff,"0.5"
"29","29","766745","-0.00031549","0.51936162","0.46531021","0.19953945","0.80046055","0.1280558","0.62218083","0.0013634","0.04637169","0.02870296","558897","0.05405141",#9898ff,"0.5"
"28","28","767014","3.524e-05","0.45208334","0.54030236","0.09006315","0.90993685","0.00974946","0.88955347","0.00078497","0.00620236","0.01603842","542697","-0.08821902",#ff6d6d,"0.5"
"31","31","767209","0.00028948","0.23440274","0.75615863","0.67572534","0.32427466","0.08224381","0.18387557","0.00245218","0.03107689","0.02748938","583971","-0.52175589",#960018,"0.5"
"30","30","767650","0.00086446","0.27570681","0.71229093","0.67504937","0.32495063","0.09173988","0.18235961","0.00486832","0.02225297","0.03132615","580282","-0.43658412",#960018,"0.5"
"36","36","767760","0.00100787","0.22387784","0.76819823","0.64036484","0.35963516","0.07732436","0.23729378","0.00146324","0.01829911","0.03048869","576804","-0.54432039",#960018,"0.5"
"32","32","766749","-0.00031027","0.51930199","0.46461752","0.28193511","0.71806489","0.2117517","0.45326535","0.00157785","0.04206083","0.03414264","552652","0.05468447",#9797ff,"0.5"
"33","33","767114","0.00016562","0.55137459","0.43309046","0.36417995","0.63582005","0.26815355","0.28029702","0.00218952","0.07481968","0.02906342","563595","0.11828413",#2020ff,"0.5"
"34","34","766521","-0.00060754","0.46930259","0.52118165","0.18331718","0.81668282","0.02688107","0.76567738","0.00128906","0.01913256","0.01822898","565528","-0.05187906",#ff9c9c,"0.5"
"35","35","767692","0.00091922","0.5433274","0.43814419","0.41105223","0.58894777","0.10828745","0.42964868","0.00263574","0.03864669","0.03242895","581240","0.10518321",#2020ff,"0.5"
"38","38","767067","0.00010434","0.52762176","0.44458023","0.39551791","0.60448209","0.18101348","0.23267696","0.00153849","0.18374119","0.01910062","601237","0.08304153",#7272ff,"0.5"
"37","37","766433","-0.00072227","0.52206457","0.45994114","0.61391383","0.38608617","0.04308179","0.26424632","0.00626775","0.0585935","0.02692779","599418","0.06212343",#8e8eff,"0.5"
"17","17","767149","0.00021125","0.54044143","0.43804236","0.55882101","0.44117899","0.12737306","0.18324868","0.00690201","0.11145733","0.02699043","571573","0.10239907",#2020ff,"0.5"
"1","1","818176","0.00033256","0.242809","0.73245777","0.84207524","0.15792476","0.00876495","0.09086509","0.00736464","0.01720835","0.03525171","578440","-0.48964877",#960018,"0.5"
"2","2","817970","8.069e-05","0.28270855","0.68591714","0.80812478","0.19187522","0.0118665","0.11885847","0.01670107","0.02996009","0.01874513","547929","-0.40320859",#960018,"0.5"
"3","3","818069","0.00020174","0.50589795","0.4667689","0.70356765","0.29643235","0.02056224","0.18485047","0.02125665","0.0526292","0.02259179","596190","0.03912905",#ababff,"0.5"
"4","4","817401","-0.00061499","0.50837949","0.46038399","0.74590352","0.25409648","0.02668032","0.14749656","0.01398689","0.0474387","0.02434446","601492","0.0479955",#9f9fff,"0.5"
"1","1","784669","-3.94e-06","0.56620508","0.41343365","0.67403516","0.32596484","0.17523929","0.06300421","0.00162381","0.07163333","0.01690636","619530","0.15277143",#2020ff,"0.5"
"2","2","785611","0.00119656","0.55388346","0.42883194","0.54979691","0.45020309","0.2844674","0.0799533","0.00439573","0.07353888","0.02264019","616735","0.12505152",#2020ff,"0.5"
"3","3","784051","-0.00079153","0.57550722","0.40828621","0.48330353","0.51669647","0.41013689","0.05563683","0.00335968","0.03903733","0.02269589","608392","0.16722101",#2020ff,"0.5"
"4","4","784957","0.00036309","0.55432017","0.43278339","0.45607269","0.54392731","0.45155034","0.0648796","0.00150265","0.01693082","0.01840146","624896","0.12153678",#2020ff,"0.5"
"5","5","784614","-7.403e-05","0.5315836","0.43956246","0.53378857","0.46621143","0.12990169","0.18498505","0.0022875","0.13878336","0.02117506","588853","0.09202114",#6666ff,"0.5"
"6","6","785088","0.00053004","0.51997524","0.46083128","0.73852472","0.26147528","0.13582569","0.05709168","0.00128068","0.05095767","0.01769475","634821","0.05914396",#9292ff,"0.5"
"7","7","784230","-0.00056341","0.55757244","0.42040155","0.63958376","0.36041624","0.16376775","0.10375597","0.0024936","0.0760863","0.02183072","616379","0.13717089",#2020ff,"0.5"
"8","8","783810","-0.00109866","0.54982127","0.42647171","0.53760463","0.46239537","0.21981112","0.14714914","0.00275762","0.08374215","0.02235409","603782","0.12334956",#2020ff,"0.5"
"9","9","784162","-0.00065007","0.22898532","0.76092138","0.8858744","0.1141256","0.06456634","0.01946959","0.00088841","0.00865141","0.01818493","635966","-0.53193606",#960018,"0.5"
"10","10","785557","0.00112774","0.5409701","0.42690832","0.61349987","0.38650013","0.07496936","0.1189677","0.00183937","0.17817198","0.01624921","586613","0.11406178",#2020ff,"0.5"
"11","11","784644","-3.58e-05","0.53626579","0.43517521","0.61736665","0.38263335","0.07237226","0.11728702","0.00173046","0.17973294","0.01682354","609087","0.10109058",#2020ff,"0.5"
"1","1","643077","0","0.63234241","0.32019255","0.90402721","0.09597279","0.01723224","0.02118853","0.00098764","0.02224099","0.0243669","524482","0.31214986",#00008b,"0.5"
"1","1","769921","-0.0007879","0.54931464","0.41128245","0.69326816","0.30673184","0.03952688","0.09337117","0.01039552","0.1291832","0.03540638","594102","0.13803219",#2020ff,"0.5"
"2","2","770577","6.346e-05","0.53408582","0.42818767","0.78684782","0.21315218","0.02220284","0.08372243","0.00837649","0.04280682","0.05335378","612309","0.10589815",#2020ff,"0.5"
"3","3","771119","0.00076688","0.50199669","0.46411417","0.68566851","0.31433149","0.02614065","0.18507045","0.01121592","0.05075648","0.04715265","581049","0.03788252",#acacff,"0.5"
"4","4","770461","-8.708e-05","0.54803131","0.41389211","0.62729314","0.37270686","0.07243079","0.13304283","0.00918177","0.13316656","0.03152669","598033","0.1341392",#2020ff,"0.5"
"5","5","770792","0.00034249","0.53928694","0.42267735","0.58817772","0.41182228","0.03225337","0.18006069","0.00610826","0.17262477","0.02614003","590512","0.11660959",#2020ff,"0.5"
"6","6","770086","-0.00057376","0.55996089","0.40362823","0.77756607","0.22243393","0.03719147","0.06881364","0.01166841","0.05676862","0.04945193","626649","0.15633266",#2020ff,"0.5"
"7","7","770779","0.00032562","0.82917017","0.13231508","0.64489276","0.35510724","0.05865764","0.0813448","0.007688","0.18597443","0.02460992","647503","0.69685509",#00008b,"0.5"
"8","8","769820","-0.00091898","0.53284986","0.42829342","0.71945002","0.28054998","0.02053615","0.08919055","0.00517302","0.13453246","0.02682446","589984","0.10455644",#2020ff,"0.5"
"9","9","771336","0.0010485","0.55328386","0.41029941","0.55460801","0.44539199","0.10206928","0.13305935","0.02764634","0.15969901","0.03630139","590060","0.14298445",#2020ff,"0.5"
"10","10","770390","-0.00017923","0.54468316","0.4170974","0.6516801","0.3483199","0.08954092","0.1069559","0.02539833","0.09800871","0.04203954","594488","0.12758576",#2020ff,"0.5"
"1","1","735909","-0.00109371","0.54732223","0.43245339","0.6577088","0.3422912","0.09206512","0.19601092","0.00127023","0.03847981","0.0252339","568402","0.11486884",#2020ff,"0.5"
"3","3","736498","-0.00029421","0.53949424","0.44461979","0.88248359","0.11751641","0.02180311","0.03411517","0.00113975","0.04053594","0.01557144","581706","0.09487445",#6464ff,"0.5"
"5","5","736930","0.00029218","0.54020398","0.44388266","0.84365094","0.15634906","0.03929516","0.05457098","0.00117348","0.04085693","0.01783754","582031","0.09632132",#6262ff,"0.5"
"4","4","736639","-0.00010282","0.54151026","0.44153347","0.63842497","0.36157503","0.25752583","0.0450448","0.00108043","0.04660363","0.01323572","558111","0.09997679",#2020ff,"0.5"
"6","6","736973","0.00035054","0.31111778","0.67566768","0.92540803","0.07459197","0.00784971","0.02441238","0.00087695","0.00782573","0.02848197","583843","-0.3645499",#960018,"0.5"
"7","7","736556","-0.00021548","0.38537326","0.59548775","0.91413882","0.08586118","0.01355958","0.02219628","0.00099428","0.01166803","0.0310928","577304","-0.21011449",#960018,"0.5"
"8","8","736655","-8.11e-05","0.50819462","0.47506378","0.82137667","0.17862333","0.05552115","0.05674961","0.00118557","0.037916","0.02569826","582841","0.03313084",#b3b3ff,"0.5"
"2","2","896208","-0.00072475","0.2329087","0.74967676","0.90386193","0.09613807","0.04475756","0.0184962","0.00076148","0.00805459","0.02040131","711768","-0.51676806",#960018,"0.5"
"1","1","576851","2.774e-05","0.25841857","0.71598005","0.83845451","0.16154549","0.01343191","0.08644868","0.00228623","0.01477329","0.04176627","441337","-0.45756148",#960018,"0.5"
"2","2","760510","0.00058403","0.58173085","0.38703709","0.71860955","0.28139045","0.02751323","0.13675058","0.00586247","0.0539654","0.06199198","619193","0.19469376",#00008b,"0.5"
"3","3","760220","0.00020249","0.53888034","0.42767861","0.61429023","0.38570977","0.06597678","0.16444687","0.01084169","0.12421618","0.03469944","597877","0.11120173",#2020ff,"0.5"
"4","4","760406","0.0004472","0.58077018","0.3882359","0.55106571","0.44893429","0.03125778","0.26369842","0.00809552","0.12239715","0.04028067","594156","0.19253428",#2020ff,"0.5"
"5","5","759374","-0.00091057","0.36928722","0.60615236","0.56746546","0.43253454","0.02921679","0.28984787","0.00849667","0.07703168","0.0450629","585759","-0.23686514",#960018,"0.5"
"6","6","759270","-0.0010474","0.53516708","0.43104926","0.56557938","0.43442062","0.08699893","0.1778212","0.01283988","0.13971472","0.03549211","590582","0.10411782",#2020ff,"0.5"
"7","7","760566","0.00065771","0.53275783","0.4353435","0.43883396","0.56116604","0.09921421","0.20424933","0.02022124","0.22520939","0.03727826","579292","0.09741433",#2020ff,"0.5"
"8","8","760418","0.00046299","0.573236","0.39775803","0.39392586","0.60607414","0.14808047","0.26632489","0.01662183","0.17404869","0.03556841","591030","0.17547797",#2020ff,"0.5"
"9","9","759311","-0.00099346","0.534052","0.43397251","0.30482667","0.69517333","0.09364854","0.37098543","0.0133045","0.21816558","0.03733175","560863","0.10007949",#2020ff,"0.5"
"10","10","760707","0.00084322","0.71758521","0.24959702","0.42579309","0.57420691","0.09769776","0.25685369","0.00951291","0.20269221","0.02890282","598765","0.46798819",#00008b,"0.5"
"11","11","759871","-0.00025668","0.81841547","0.14058104","0.44685009","0.55314991","0.06514956","0.13293645","0.00692056","0.34127543","0.01937757","664686","0.67783443",#00008b,"0.5"
"12","12","759968","-0.00012906","0.8461877","0.10554791","0.35225675","0.64774325","0.18111653","0.21208915","0.009324","0.24410707","0.03069398","620871","0.74063979",#00008b,"0.5"
"13","13","759939","-0.00016722","0.5230553","0.44831075","0.30030887","0.69969113","0.03977549","0.55146621","0.0086201","0.09201026","0.05120461","554286","0.07474455",#7d7dff,"0.5"
"14","14","759924","-0.00018695","0.65870302","0.30118463","0.29061412","0.70938588","0.065605","0.20811208","0.01785538","0.41951524","0.02324217","586434","0.35751839",#00008b,"0.5"
"15","15","759290","-0.00102109","0.72084993","0.2443829","0.34356301","0.65643699","0.0313412","0.20512892","0.01452035","0.4023618","0.01978818","613346","0.47646703",#00008b,"0.5"
"16","16","759868","-0.00026063","0.74043835","0.2189368","0.36917823","0.63082177","0.02931583","0.16543004","0.0095837","0.4203485","0.0166836","600290","0.52150155",#00008b,"0.5"
"17","17","759365","-0.00092241","0.62604661","0.33505877","0.1421165","0.8578835","0.02953","0.23353535","0.0091392","0.58877961","0.02244448","596004","0.29098784",#00008b,"0.5"
"18","18","760512","0.00058666","0.71247973","0.24877926","0.45981104","0.54018896","0.03802968","0.25303123","0.00754264","0.23273071","0.02914532","606684","0.46370047",#00008b,"0.5"
"19","19","759409","-0.00086453","0.60698011","0.36224581","0.49320472","0.50679528","0.02639788","0.38669047","0.00737178","0.07426568","0.03920016","594972","0.2447343",#00008b,"0.5"
"20","20","760270","0.00026827","0.33127411","0.64648696","0.46473412","0.53526588","0.04489671","0.39005426","0.00454553","0.07477832","0.04276806","558571","-0.31521285",#960018,"0.5"
"21","21","760586","0.00068402","0.53508257","0.43768773","0.22102642","0.77897358","0.06229354","0.59494401","0.00398256","0.11184848","0.04318285","537343","0.09739484",#2020ff,"0.5"
"22","22","759992","-9.749e-05","0.49823558","0.4744175","0.16173872","0.83826128","0.05873122","0.72643439","0.00358429","0.0442636","0.04265448","551853","0.02381808",#bfbfff,"0.5"
"23","23","759359","-0.00093031","0.35551021","0.61936169","0.52626543","0.47373457","0.06016531","0.31846097","0.00688446","0.06413599","0.04586536","580002","-0.26385148",#960018,"0.5"
"24","24","759968","-0.00012906","0.59106046","0.37827846","0.48388201","0.51611799","0.02429023","0.39536811","0.00460706","0.07904141","0.03924891","596042","0.212782",#00008b,"0.5"
"25","25","759987","-0.00010406","0.54629699","0.42875953","0.176117","0.823883","0.06076073","0.6246872","0.00887844","0.13876586","0.03373635","583436","0.11753746",#2020ff,"0.5"
"26","26","760824","0.00099716","0.58147221","0.39066912","0.53585878","0.46414122","0.03100418","0.31029908","0.00490336","0.10873659","0.02871225","594694","0.19080309",#2020ff,"0.5"
"27","27","760354","0.00037879","0.53595885","0.43449995","0.22393104","0.77606896","0.14321961","0.56615904","0.00527696","0.05961436","0.04416695","558087","0.1014589",#2020ff,"0.5"
"28","28","759425","-0.00084347","0.60912986","0.35772956","0.22347966","0.77652034","0.03206587","0.30427917","0.00339445","0.43932344","0.02432471","617479","0.2514003",#00008b,"0.5"
"29","29","760082","2.092e-05","0.64901695","0.31886103","0.31591421","0.68408579","0.06202472","0.49677233","0.00332371","0.12095957","0.03260073","598729","0.33015592",#00008b,"0.5"
"30","30","760805","0.00097216","0.67645976","0.2940429","0.63850585","0.36149415","0.04959481","0.14827399","0.00342235","0.15140422","0.01633071","650431","0.38241686",#00008b,"0.5"
"31","31","759880","-0.00024484","0.54537953","0.42220652","0.23108351","0.76891649","0.01988775","0.61010013","0.00375074","0.13433115","0.03817727","588151","0.12317301",#2020ff,"0.5"
"32","32","760365","0.00039326","0.54885249","0.42060373","0.42245186","0.57754814","0.05904692","0.33361046","0.00459246","0.17676831","0.0265372","601420","0.12824876",#2020ff,"0.5"
"33","33","760453","0.00050904","0.54560087","0.42521544","0.18900219","0.81099781","0.11432129","0.61098479","0.00575122","0.08108641","0.03980668","553274","0.12038543",#2020ff,"0.5"
"34","34","760747","0.00089585","0.75317019","0.20394808","0.20099008","0.79900992","0.04183878","0.63833517","0.00306673","0.11695726","0.03967588","605204","0.54922211",#00008b,"0.5"
"35","35","759961","-0.00013827","0.52348014","0.44651948","0.26353991","0.73646009","0.07556874","0.51818003","0.00555874","0.13752533","0.03688499","584845","0.07696066",#7a7aff,"0.5"
"36","36","760429","0.00047746","0.68502508","0.28144509","0.55632016","0.44367984","0.05136787","0.1601483","0.00625268","0.21601118","0.01925025","629810","0.40357999",#00008b,"0.5"
"37","37","760605","0.00070902","0.7265051","0.23377176","0.09606051","0.90393949","0.13455032","0.59414014","0.00300294","0.17580924","0.04364108","594417","0.49273334",#00008b,"0.5"
"38","38","760086","2.619e-05","0.54603808","0.4233721","0.13710551","0.86289449","0.03529739","0.48803654","0.00425276","0.33954899","0.02962374","604549","0.12266598",#2020ff,"0.5"
"39","39","759579","-0.00064086","0.53721003","0.43212504","0.21052256","0.78947744","0.09442125","0.6164352","0.0064958","0.07164488","0.03906409","560054","0.10508499",#2020ff,"0.5"
"40","40","760845","0.00102478","0.42251643","0.54851641","0.39824529","0.60175471","0.07769387","0.37367799","0.00866626","0.13701591","0.03304364","568642","-0.12599998",#ff2020,"0.5"
"41","41","759405","-0.00086979","0.54316348","0.43564003","0.41269888","0.58730112","0.06312569","0.45705937","0.00440707","0.05214403","0.03777218","583154","0.10752345",#2020ff,"0.5"
"42","42","760838","0.00101557","0.54021158","0.42831204","0.18604722","0.81395278","0.03633579","0.53705173","0.00731646","0.23363716","0.03516394","592226","0.11189954",#2020ff,"0.5"
"43","43","759264","-0.0010553","0.78865675","0.18091906","0.13099486","0.86900514","0.34114808","0.42746211","0.00604183","0.10018119","0.03456102","598825","0.60773769",#00008b,"0.5"
"44","44","759574","-0.00064744","0.67608334","0.29316028","0.08709321","0.91290679","0.16115587","0.65377324","0.00956986","0.09592962","0.03896386","571273","0.38292306",#00008b,"0.5"
"45","45","759523","-0.00071454","0.54034893","0.43072668","0.24376206","0.75623794","0.07387506","0.32487869","0.01098467","0.34771426","0.02705787","596832","0.10962225",#2020ff,"0.5"
"46","46","760674","0.0007998","0.53246411","0.43530368","0.27874754","0.72125246","0.02220485","0.53616754","0.00564698","0.15509195","0.03997011","584737","0.09716043",#2020ff,"0.5"
"47","47","760423","0.00046957","0.53653578","0.43214865","0.49325593","0.50674407","0.06739881","0.26896307","0.00919852","0.15384615","0.02755523","620100","0.10438713",#2020ff,"0.5"
"48","48","759962","-0.00013696","0.55058481","0.41934266","0.53477376","0.46522624","0.05196081","0.26239154","0.00792564","0.12777599","0.0347614","606765","0.13124215",#2020ff,"0.5"
"49","49","759468","-0.0007869","0.52979162","0.43327986","0.50911754","0.49088246","0.02662358","0.15616315","0.00491421","0.29505557","0.01625024","605591","0.09651176",#2020ff,"0.5"
"50","50","760079","1.698e-05","0.54938013","0.42089943","0.60531023","0.39468977","0.03734579","0.2167012","0.00901889","0.1178412","0.02540325","621141","0.1284807",#2020ff,"0.5"
"51","51","760536","0.00061824","0.5639854","0.40564771","0.52277656","0.47722344","0.03276158","0.22138429","0.00861457","0.20645658","0.02429011","587029","0.15833769",#2020ff,"0.5"
"52","52","760092","3.408e-05","0.54107048","0.4314065","0.45498233","0.54501767","0.09752812","0.31136034","0.01080769","0.12152435","0.030912","590968","0.10966398",#2020ff,"0.5"
