State,Id,24_Pres,20_Pres,20-24_Pres,WhitePct,MinorityPct,BlackPct,HispanicPct,PacificPct,AsianPct,NativePct
AK,AL,-0.13238655,-0.10116369,-0.12197893,0.61476201,0.38523799,0.04271638,0.06036249,0.02018762,0.07835156,0.19085998
AL,1,-0.56077628,-0.51948659,-0.54701305,0.75599098,0.24400902,0.1536415,0.03938018,0.00151359,0.01839671,0.0302016
AL,2,0.11596599,0.16439,0.132107326666667,0.42166737,0.57833263,0.51555668,0.02557651,0.00112164,0.02129503,0.01904463
AL,3,-0.41028708,-0.35183048,-0.390801546666667,0.67450105,0.32549895,0.24556009,0.0372776,0.00136996,0.02206727,0.02075432
AL,4,-0.72649519,-0.70008558,-0.717691986666667,0.85627992,0.14372008,0.04119157,0.06019057,0.00089543,0.00741437,0.03495245
AL,5,-0.24909057,-0.2210125,-0.239731213333333,0.69046204,0.30953796,0.20031177,0.05183969,0.00182758,0.02554525,0.03252637
AL,6,-0.46376946,-0.45806647,-0.461868463333333,0.77838588,0.22161412,0.13999939,0.03626642,0.00085638,0.01989813,0.02327686
AL,7,0.28359304,0.32698708,0.29805772,0.41255434,0.58744566,0.50920457,0.04770437,0.00114804,0.0190881,0.01482396
AR,1,-0.56803608,-0.54280323,-0.55962513,0.86029892,0.13970108,0.05821438,0.03066344,0.00196534,0.00994383,0.03349863
AR,2,0.09785131,0.11919247,0.10496503,0.5279442,0.4720558,0.37701814,0.053266,0.00119308,0.02168778,0.02293221
AR,3,-0.24756143,-0.23272183,-0.242614896666667,0.71594457,0.28405543,0.03564901,0.13905535,0.01354404,0.04181294,0.05626204
AR,4,-0.46305358,-0.43304467,-0.45305061,0.75777326,0.24222674,0.13348184,0.05915586,0.00136301,0.01141626,0.03478675
AZ,1,-0.04586464,0.02050219,-0.0237423633333333,0.51993479,0.48006521,0.04082466,0.18865268,0.00495488,0.04356804,0.21326736
AZ,2,0.07051719,0.0880484,0.0763609266666667,0.64893402,0.35106598,0.04837139,0.22719988,0.00449358,0.04898288,0.03316197
AZ,3,0.10934377,0.21058716,0.143091566666667,0.34484092,0.65515908,0.05138321,0.54186622,0.0039285,0.02658674,0.0554109
AZ,4,-0.39915849,-0.36008932,-0.386135433333333,0.78603954,0.21396046,0.01754563,0.13551058,0.00355188,0.02278794,0.03495535
AZ,5,-0.24246311,-0.21807598,-0.234334066666667,0.72944423,0.27055577,0.04070051,0.15735663,0.00526143,0.04535258,0.02744989
AZ,6,0.01828982,0.0621723,0.0329173133333333,0.70665945,0.29334055,0.0464878,0.15342755,0.00303872,0.06138839,0.0343205
AZ,7,0.32062817,0.44610853,0.362454956666667,0.21244317,0.78755683,0.12166232,0.60581364,0.004597,0.04094887,0.04586396
AZ,8,-0.16429633,-0.13811027,-0.155567643333333,0.6829822,0.3170178,0.05530018,0.18870764,0.00414587,0.04888243,0.02785947
AZ,9,0.1841925,0.23302727,0.200470756666667,0.53360017,0.46639983,0.0767492,0.27361818,0.00592224,0.07876327,0.05001752
CA,1,-0.25164309,-0.19237212,-0.2318861,0.6541419,0.3458581,0.02650954,0.19489164,0.00649251,0.06711681,0.06017753
CA,2,0.45072438,0.49450261,0.465317123333333,0.6871728,0.3128272,0.02528826,0.17670079,0.00588228,0.05890243,0.05356481
CA,3,-0.033217,-0.01289039,-0.0264414633333333,0.7210008,0.2789992,0.02413854,0.12600612,0.00653344,0.08866458,0.03638875
CA,4,0.3131508,0.36634356,0.33088172,0.5494519,0.4505481,0.04103503,0.27810335,0.00852091,0.10094679,0.04043376
CA,5,-0.23064286,-0.1813959,-0.214227206666667,0.64024392,0.35975608,0.02652443,0.21482483,0.0080802,0.07849122,0.04319217
CA,6,0.20131722,0.24227743,0.214970623333333,0.51709685,0.48290315,0.10478058,0.21032212,0.01488378,0.14002976,0.03852282
CA,7,0.24026029,0.31786132,0.2661273,0.34170223,0.65829777,0.13074145,0.23353501,0.02412301,0.26959657,0.03452149
CA,8,0.4363004,0.53582349,0.469474763333333,0.28066928,0.71933072,0.17219144,0.3079991,0.01525448,0.22478141,0.03556609
CA,9,0.00525498,0.15561164,0.0553738666666667,0.30683835,0.69316165,0.09190794,0.38310432,0.01295264,0.20480619,0.03803044
CA,10,0.32527811,0.38000253,0.343519583333333,0.51611959,0.48388041,0.06362911,0.17770947,0.00961406,0.22487436,0.02372625
CA,11,0.67763867,0.7454873,0.70025488,0.44652805,0.55347195,0.06511426,0.13312876,0.00691701,0.34146253,0.01938205
CA,12,0.73653879,0.80466864,0.75924874,0.35135767,0.64864233,0.17913726,0.20998915,0.00930198,0.24900848,0.0303797
CA,13,-0.03237957,0.12239138,0.0192107466666667,0.28045777,0.71954223,0.04031481,0.59061255,0.00828626,0.07058285,0.05087606
CA,14,0.35745751,0.46014078,0.391685266666667,0.28011655,0.71988345,0.06783372,0.23675643,0.01964623,0.39808698,0.02617241
CA,15,0.48105143,0.57571905,0.512607303333333,0.30559795,0.69440205,0.03711858,0.24310523,0.01745436,0.39509927,0.02138064
CA,16,0.53903888,0.58101618,0.553031313333333,0.56534641,0.43465359,0.02727701,0.15300889,0.00705052,0.23272589,0.02202128
CA,17,0.3737751,0.46913988,0.40556336,0.21903296,0.78096704,0.02350372,0.13004153,0.00675167,0.61920279,0.01449374
CA,18,0.35474324,0.43967082,0.383052433333333,0.26478255,0.73521745,0.03753187,0.33850353,0.00796258,0.35148635,0.03169421
CA,19,0.22340848,0.32724144,0.258019466666667,0.36017399,0.63982601,0.02813284,0.51699739,0.00819661,0.08109472,0.04688864
CA,20,-0.3216468,-0.25789822,-0.300397273333333,0.49233259,0.50766741,0.04282806,0.37018167,0.00458694,0.065459,0.04543775
CA,21,0.06228745,0.205377,0.109983966666667,0.24762741,0.75237259,0.06468646,0.54793516,0.00417884,0.12918322,0.0419892
CA,22,-0.04771501,0.13638013,0.0136500366666667,0.18611294,0.81388706,0.05910448,0.69182406,0.00354115,0.05237739,0.0404895
CA,23,-0.19580514,-0.12712172,-0.172910666666667,0.45378666,0.54621334,0.09436775,0.37291309,0.00751788,0.05505196,0.04418517
CA,24,0.24225578,0.28354549,0.256019016666667,0.54479181,0.45520819,0.02558482,0.33608189,0.00465535,0.07280312,0.03812159
CA,25,0.08971211,0.18907589,0.12283337,0.33102439,0.66897561,0.04812359,0.56770992,0.0036294,0.04177725,0.03711623
CA,26,0.13158949,0.19613841,0.153105796666667,0.45587378,0.54412622,0.02711604,0.39754513,0.00527455,0.10541946,0.03491195
CA,27,0.04166958,0.1320596,0.0717995866666667,0.34871329,0.65128671,0.11453524,0.43341148,0.00479897,0.09369471,0.03713808
CA,28,0.24710931,0.34834561,0.280854743333333,0.17163216,0.82836784,0.0269543,0.27206985,0.00372111,0.52968124,0.02029168
CA,29,0.30238996,0.475131,0.359970306666667,0.22283788,0.77716212,0.04906488,0.61416149,0.00320922,0.11144853,0.03663211
CA,30,0.40474251,0.45261775,0.420700923333333,0.58861442,0.41138558,0.06099195,0.19295367,0.00350151,0.1476133,0.02015352
CA,31,0.17104692,0.29807183,0.213388556666667,0.19977311,0.80022689,0.03508223,0.54970192,0.00397053,0.21360221,0.03617651
CA,32,0.30629696,0.39610029,0.336231403333333,0.57238191,0.42761809,0.05954861,0.20816501,0.00393331,0.1490023,0.01950669
CA,33,0.11881359,0.29712253,0.178249903333333,0.18134347,0.81865653,0.1149922,0.61037444,0.00572353,0.0897163,0.03941627
CA,34,0.53139706,0.6371241,0.566639406666667,0.1780579,0.8219421,0.06749161,0.51641953,0.00354892,0.23698238,0.04085161
CA,35,0.05096808,0.1906198,0.0975186533333333,0.2336729,0.7663271,0.07517226,0.51975921,0.00533762,0.16705987,0.03576951
CA,36,0.34217617,0.39996428,0.361438873333333,0.57939305,0.42060695,0.0448163,0.14122355,0.00564318,0.21819301,0.01703716
CA,37,0.62565501,0.73502815,0.662112723333333,0.18866469,0.81133531,0.23557783,0.47372198,0.003632,0.10011995,0.03608742
CA,38,0.22335273,0.37909334,0.275266266666667,0.14541386,0.85458614,0.02939541,0.7199688,0.00405887,0.1027466,0.04327761
CA,39,0.10624562,0.27578745,0.162759563333333,0.21809415,0.78190585,0.10377052,0.594183,0.00655928,0.07648876,0.03915134
CA,40,-0.02545586,0.01263973,-0.01275733,0.56015753,0.43984247,0.02303249,0.20199132,0.00532943,0.19925738,0.02105918
CA,41,-0.07319575,0.00952413,-0.0456224566666667,0.38640405,0.61359595,0.07446688,0.41338697,0.0071872,0.11160106,0.03503043
CA,42,0.30128149,0.41835272,0.340305233333333,0.23954368,0.76045632,0.07925988,0.56172676,0.0076959,0.11265326,0.03889816
CA,43,0.34337114,0.52024897,0.402330416666667,0.11089844,0.88910156,0.10665544,0.66586304,0.01098577,0.11255624,0.04125505
CA,44,0.53416529,0.67712194,0.581817506666667,0.05782188,0.94217812,0.31732002,0.53557719,0.0086642,0.08922328,0.03470396
CA,45,0.01662538,0.06524709,0.0328326166666667,0.27866892,0.72133108,0.02929153,0.27056427,0.00810135,0.41209894,0.02267684
CA,46,0.18077945,0.30440778,0.221988893333333,0.1727339,0.8272661,0.02577293,0.61843801,0.00645878,0.17695223,0.04368615
CA,47,0.0405149,0.10847016,0.0631666533333333,0.53343617,0.46656383,0.02421189,0.15944722,0.00598209,0.26666623,0.01790089
CA,48,-0.19988805,-0.16994937,-0.18990849,0.58830187,0.41169813,0.04947313,0.2395264,0.00948334,0.09392252,0.03931524
CA,49,0.08241416,0.1157103,0.0935128733333333,0.57006793,0.42993207,0.03563637,0.28329843,0.01006276,0.09018088,0.03047336
CA,50,0.22281374,0.25770834,0.234445273333333,0.55238329,0.44761671,0.03613832,0.18963816,0.00696777,0.20436818,0.01976504
CA,51,0.36232403,0.4007468,0.37513162,0.49280685,0.50719315,0.07787972,0.24238825,0.00937922,0.17235033,0.02621668
CA,52,0.18633177,0.33817059,0.23694471,0.17222363,0.82777637,0.09256267,0.56487251,0.01159743,0.17219954,0.0326707
CO,1,0.56285239,0.61503816,0.580247646666667,0.58791082,0.41208918,0.09704478,0.24424493,0.00358642,0.05219916,0.03341135
CO,2,0.3941878,0.39406851,0.394148036666667,0.78657968,0.21342032,0.01619734,0.12369672,0.00248284,0.04608871,0.02348376
CO,3,-0.09731519,-0.08293315,-0.0925211766666667,0.70164356,0.29835644,0.01487227,0.22727305,0.00257631,0.01433415,0.04850855
CO,4,-0.27226404,-0.27631219,-0.273613423333333,0.72969143,0.27030857,0.02224892,0.19250656,0.00284916,0.02586204,0.03230033
CO,5,-0.06687325,-0.07683535,-0.07019395,0.69728532,0.30271468,0.07410767,0.15534264,0.00715742,0.04189927,0.03668179
CO,6,0.04445055,0.0564149,0.0484386666666667,0.75832113,0.24167887,0.0418194,0.10044252,0.00317581,0.0760653,0.02349291
CO,7,0.19901579,0.19031896,0.196116846666667,0.76498476,0.23501524,0.01893944,0.13813405,0.00242511,0.04913707,0.0300259
CO,8,0.16361862,0.25839885,0.19521203,0.45801264,0.54198736,0.10478288,0.35679587,0.00483562,0.06033699,0.04062809
CT,1,0.3188057,0.37084873,0.336153376666667,0.55661611,0.44338389,0.18593845,0.18368157,0.00156985,0.07296846,0.01455523
CT,2,0.08066097,0.11702917,0.0927837033333333,0.81067488,0.18932512,0.04949698,0.076383,0.00186704,0.04175577,0.02069784
CT,3,0.11222775,0.16886968,0.131108393333333,0.65938219,0.34061781,0.13598764,0.14489446,0.00126995,0.05387163,0.01479149
CT,4,0.26078688,0.34219379,0.287922516666667,0.57372595,0.42627405,0.14695464,0.20820406,0.00137467,0.06149264,0.01256121
CT,5,-0.01744761,0.02937864,-0.00183886,0.72834968,0.27165032,0.07502851,0.14101956,0.00139319,0.03312107,0.01508626
DE,AL,0.14619157,0.18980774,0.160730293333333,0.62437671,0.37562329,0.22762886,0.08666531,0.001349,0.04834195,0.01994402
FL,1,-0.36902327,-0.32273371,-0.353593416666667,0.71997717,0.28002283,0.13724982,0.06679952,0.0037943,0.04229988,0.03178636
FL,2,0.08662328,0.15736299,0.110203183333333,0.59128576,0.40871424,0.25974393,0.08665734,0.00154682,0.04752581,0.01734111
FL,3,-0.45466616,-0.4043189,-0.43788374,0.74156804,0.25843196,0.12872413,0.08437031,0.00188531,0.01921532,0.02553295
FL,4,-0.33173179,-0.30013883,-0.321200803333333,0.76113914,0.23886086,0.08960291,0.07991561,0.0026078,0.04587216,0.02078548
FL,5,0.07628236,0.13047398,0.0943462333333333,0.46992048,0.53007952,0.35172022,0.10693848,0.00285216,0.06069977,0.01899882
FL,6,-0.30697686,-0.24422644,-0.286060053333333,0.73326531,0.26673469,0.093231,0.13217434,0.00172703,0.02070208,0.02165871
FL,7,0.0286547,0.09717959,0.05149633,0.55781113,0.44218887,0.12416929,0.24273349,0.00239083,0.06869712,0.01855934
FL,8,-0.21370122,-0.16011171,-0.19583805,0.75048392,0.24951608,0.10735183,0.08660065,0.00213083,0.0332749,0.02093372
FL,9,0.04397502,0.19133333,0.0930944566666667,0.30199106,0.69800894,0.12761085,0.52325717,0.00313462,0.05461774,0.0191168
FL,10,0.14090808,0.22709022,0.16963546,0.4029962,0.5970038,0.28605084,0.23018455,0.0026514,0.05961325,0.01690036
FL,11,-0.32717305,-0.28418614,-0.31284408,0.77008432,0.22991568,0.07858793,0.10858445,0.00151178,0.02242064,0.01892657
FL,12,-0.24666948,-0.198348,-0.23056232,0.76955128,0.23044872,0.05474199,0.12512502,0.00166316,0.03085069,0.01967191
FL,13,-0.01655796,0.04020954,0.00236454,0.72485317,0.27514683,0.11465593,0.09651032,0.00183611,0.04386035,0.01839648
FL,14,0.08545113,0.20976786,0.12689004,0.42526785,0.57473215,0.23281795,0.29202476,0.00240025,0.05126955,0.01803093
FL,15,-0.11937948,-0.04558691,-0.0947819566666667,0.55389499,0.44610501,0.12108404,0.25204741,0.00198898,0.0636457,0.01959054
FL,16,-0.19254819,-0.11893497,-0.16801045,0.78451184,0.21548816,0.05861161,0.11424615,0.00112505,0.02447286,0.0146871
FL,17,-0.31598997,-0.21485071,-0.282276883333333,0.68797841,0.31202159,0.09101919,0.18633404,0.00123667,0.01840969,0.0166943
FL,18,-0.24823125,-0.19308231,-0.22984827,0.60852946,0.39147054,0.133018,0.22248279,0.00169755,0.02373086,0.02112575
FL,19,-0.32490814,-0.24920887,-0.29967505,0.71397929,0.28602071,0.05241636,0.20106862,0.00106707,0.01953781,0.01314154
FL,20,-0.1970345,-0.13491543,-0.176328143333333,0.69738334,0.30261666,0.12208756,0.1424043,0.00153819,0.02153936,0.01662192
FL,21,0.0108384,0.14146974,0.05438218,0.4534699,0.5465301,0.22769914,0.27993673,0.00188874,0.03497641,0.01781923
FL,22,0.03107706,0.14822783,0.0701273166666667,0.64392941,0.35607059,0.13294168,0.15594447,0.00128812,0.04247628,0.00917488
FL,23,0.29979941,0.40719378,0.335597533333333,0.34688239,0.65311761,0.3950282,0.21126613,0.00188633,0.03113014,0.01125034
FL,24,0.03041365,0.16217775,0.0743350166666667,0.43134985,0.56865015,0.13603783,0.36880518,0.00176615,0.05829282,0.01260182
FL,25,0.38070862,0.55581463,0.43907729,0.09357731,0.90642269,0.50414504,0.39661845,0.00151832,0.02944018,0.0096155
FL,26,-0.01901514,0.14335423,0.0351079833333333,0.27548594,0.72451406,0.08989653,0.60400414,0.00101412,0.02987356,0.00979014
FL,27,-0.39483429,-0.22805129,-0.339239956666667,0.05737905,0.94262095,0.03597869,0.90690379,0.00068378,0.01516601,0.00588931
FL,28,-0.23909679,-0.04597117,-0.174721583333333,0.16275103,0.83724897,0.10917951,0.71675645,0.00098848,0.02292522,0.0118585
GA,1,-0.11019678,-0.08020663,-0.100200063333333,0.58640905,0.41359095,0.30020116,0.0660615,0.00302585,0.03109015,0.01974745
GA,2,0.08889215,0.10885688,0.09554706,0.43167619,0.56832381,0.4852552,0.05066403,0.00232214,0.02311605,0.01517288
GA,3,-0.34470819,-0.33707041,-0.342162263333333,0.68246591,0.31753409,0.22812076,0.04772341,0.00102452,0.02195769,0.02012915
GA,4,0.61732218,0.63972273,0.62478903,0.25828271,0.74171729,0.57731238,0.09969496,0.00129023,0.06329497,0.01705331
GA,5,0.69940744,0.71121624,0.703343706666667,0.3277,0.6723,0.56381485,0.05831077,0.00130608,0.04719459,0.01290599
GA,6,0.00970609,0.02517864,0.0148636066666667,0.60526808,0.39473192,0.12460938,0.09285489,0.00126139,0.16091976,0.01440995
GA,7,0.11858433,0.14543362,0.127534093333333,0.353272,0.646728,0.24712046,0.22853649,0.00162881,0.16730343,0.02171807
GA,8,-0.43965182,-0.39544216,-0.424915266666667,0.63054909,0.36945091,0.27583525,0.06888431,0.00122809,0.0115067,0.01673763
GA,9,-0.45167589,-0.45244082,-0.451930866666667,0.74504776,0.25495224,0.06964829,0.12863893,0.00110956,0.03185615,0.02576214
GA,10,-0.41699999,-0.39722959,-0.410409856666667,0.76000461,0.23999539,0.12426643,0.06524359,0.00112164,0.02712961,0.0219604
GA,11,0.22086519,0.20898,0.21690346,0.44911561,0.55088439,0.35615187,0.13199774,0.00148806,0.04777991,0.02069427
GA,12,-0.06636746,-0.03702807,-0.0565876633333333,0.52210334,0.47789666,0.38850878,0.04613013,0.00237491,0.03055693,0.01699917
GA,13,0.4212697,0.3838833,0.408807566666667,0.27608558,0.72391442,0.592055,0.08916576,0.0014817,0.03870929,0.01770017
GA,14,-0.48542252,-0.48850828,-0.486451106666667,0.76592167,0.23407833,0.09689109,0.0988933,0.0010131,0.01303149,0.02826062
HI,1,0.21385683,0.29419292,0.240635526666667,0.31815095,0.68184905,0.02401282,0.09569419,0.28379491,0.4325984,0.03034013
HI,2,0.24956982,0.29512661,0.264755416666667,0.1613147,0.8386853,0.03120952,0.06589186,0.1755431,0.68201635,0.01852347
IA,1,-0.33304361,-0.27832194,-0.314803053333333,0.91025835,0.08974165,0.01867904,0.04207661,0.00299502,0.01062891,0.01306622
IA,2,0.06937894,0.12510912,0.0879556666666667,0.82417075,0.17582925,0.07324882,0.04879796,0.00219481,0.03382173,0.01561327
IA,3,0.04212217,0.09093875,0.0583943633333333,0.80024472,0.19975528,0.05408503,0.0739565,0.00331301,0.05245738,0.01551294
IA,4,-0.31855771,-0.26988452,-0.302333313333333,0.88306303,0.11693697,0.023968,0.054391,0.00232602,0.01428305,0.0190299
ID,1,-0.46213165,-0.41115322,-0.44513884,0.83842998,0.16157002,0.00763589,0.09548865,0.00349319,0.0157484,0.03640963
ID,2,-0.26850201,-0.20432347,-0.247109163333333,0.7911343,0.2088657,0.01568142,0.12494133,0.00482706,0.03127566,0.02974122
IL,1,0.34955099,0.46346365,0.387521876666667,0.35632247,0.64367753,0.50079457,0.12043889,0.00098725,0.01949427,0.01480016
IL,2,0.36924144,0.4460604,0.39484776,0.3539912,0.6460088,0.50120553,0.12666765,0.00093331,0.01279155,0.01633814
IL,3,0.37433258,0.47032737,0.406330843333333,0.46446313,0.53553687,0.04876525,0.41412068,0.00172345,0.07259277,0.03162046
IL,4,0.27381175,0.455709,0.334444166666667,0.26953643,0.73046357,0.06081896,0.60007329,0.00116451,0.06891595,0.04719187
IL,5,-0.02476608,0.000689770000000034,-0.0162807966666667,0.74503204,0.25496796,0.07671398,0.12551678,0.00090953,0.03205747,0.02088645
IL,6,0.07841196,0.14981789,0.102213936666667,0.63039072,0.36960928,0.09965472,0.16934819,0.00103182,0.08959792,0.01627738
IL,7,0.68031654,0.74680189,0.702478323333333,0.3523902,0.6476098,0.42816019,0.12371749,0.001345,0.09317436,0.01371127
IL,8,0.14983292,0.20322694,0.167630926666667,0.65978202,0.34021798,0.029616,0.13197694,0.00098288,0.16981951,0.01395555
IL,9,0.57943067,0.62295964,0.593940326666667,0.61806242,0.38193758,0.10436681,0.11532201,0.00154735,0.15261917,0.01479868
IL,10,0.1948362,0.2312641,0.206978833333333,0.6246983,0.3753017,0.07159998,0.20469195,0.00175965,0.08549061,0.02164079
IL,11,0.1302151,0.18517795,0.14853605,0.65172196,0.34827804,0.05157776,0.14815194,0.00113106,0.13620233,0.01585878
IL,12,-0.46226785,-0.45206387,-0.458866523333333,0.88774623,0.11225377,0.0508253,0.02318747,0.00105221,0.01189014,0.02035681
IL,13,-0.01870735,-0.01015345,-0.01585605,0.73515739,0.26484261,0.18748231,0.03241039,0.00128243,0.02039271,0.02133919
IL,14,0.07940171,0.13869299,0.09916547,0.58416586,0.41583414,0.06190264,0.27776054,0.00119494,0.06508146,0.02687187
IL,15,-0.40084756,-0.38220218,-0.394632433333333,0.87284494,0.12715506,0.05745707,0.03768548,0.0009407,0.00970815,0.01794603
IL,16,-0.19938452,-0.16754437,-0.188771136666667,0.84797684,0.15202316,0.04241521,0.07484817,0.00088188,0.01351487,0.01867388
IL,17,0.01499979,0.02185429,0.0172846233333333,0.75325927,0.24674073,0.11127619,0.05026928,0.00140973,0.06538637,0.0177137
IN,1,0.00515663000000005,0.08468967,0.0316676433333334,0.63150493,0.36849507,0.1894632,0.14360532,0.00091854,0.01835005,0.02105568
IN,2,-0.25900037,-0.21853517,-0.24551197,0.78842225,0.21157775,0.07024887,0.09793951,0.00107312,0.01995437,0.02192351
IN,3,-0.31361422,-0.3006276,-0.309285346666667,0.83199515,0.16800485,0.06581538,0.05384443,0.00113181,0.02750764,0.01864296
IN,4,-0.21682486,-0.19307439,-0.208908036666667,0.84210262,0.15789738,0.04074254,0.04579358,0.00563418,0.04702835,0.01909138
IN,5,0.03255374,0.02673808,0.0306151866666667,0.7679272,0.2320728,0.10666175,0.0533741,0.00120844,0.05355933,0.01552092
IN,6,-0.3530494,-0.33673866,-0.347612486666667,0.87237784,0.12762216,0.05893766,0.03402737,0.00088608,0.01122703,0.01978055
IN,7,0.23487555,0.26125859,0.243669896666667,0.52291897,0.47708103,0.29626536,0.11908537,0.0014862,0.04643739,0.02130331
IN,8,-0.30468095,-0.27831674,-0.29589288,0.87921661,0.12078339,0.05309923,0.03068628,0.00165398,0.01336077,0.01926833
IN,9,-0.45286407,-0.44062526,-0.448784466666667,0.90102408,0.09897592,0.01811288,0.03231306,0.00091463,0.02353153,0.0205715
KS,1,-0.52506934,-0.50743925,-0.519192643333333,0.80842277,0.19157723,0.02441894,0.11904437,0.0019132,0.01237205,0.03551373
KS,2,-0.09636084,-0.07024565,-0.0876557766666667,0.78416787,0.21583213,0.06935499,0.07937439,0.00290407,0.0284931,0.03840827
KS,3,0.12704018,0.13475979,0.129613383333333,0.70014888,0.29985112,0.09257974,0.12194241,0.00177972,0.06032075,0.0247119
KS,4,-0.2067755,-0.19056117,-0.201370723333333,0.7278005,0.2721995,0.07969474,0.11371403,0.00230339,0.04073781,0.04105602
KY,1,-0.46952649,-0.4220093,-0.453687426666667,0.86279642,0.13720358,0.07405503,0.02906145,0.00133648,0.01047888,0.02077599
KY,2,-0.45771426,-0.41045717,-0.441961896666667,0.86065638,0.13934362,0.0623985,0.03296308,0.00236741,0.01857452,0.0211573
KY,3,0.18754749,0.22308161,0.199392196666667,0.65598692,0.34401308,0.22053577,0.06840397,0.00166781,0.03753083,0.01875101
KY,4,-0.33961574,-0.31431763,-0.331183036666667,0.88274953,0.11725047,0.04118918,0.03403463,0.0015819,0.01715514,0.02013635
KY,5,-0.66035516,-0.61645748,-0.6457226,0.94180183,0.05819817,0.01899812,0.01321126,0.00056007,0.00514483,0.01822972
KY,6,-0.10150452,-0.05944522,-0.0874847533333333,0.80345208,0.19654792,0.09531066,0.05096288,0.00239695,0.02892908,0.01966419
LA,1,-0.38814218,-0.37802509,-0.384769816666667,0.64921223,0.35078777,0.19619885,0.09865566,0.00105225,0.02797416,0.03083648
LA,2,0.37366998,0.39561352,0.380984493333333,0.37842289,0.62157711,0.49311174,0.08864068,0.00117981,0.0358447,0.01622359
LA,3,-0.53336441,-0.5112574,-0.525995406666667,0.72613178,0.27386822,0.18206172,0.04914593,0.00160426,0.02102105,0.02072719
LA,4,-0.32507432,-0.28715563,-0.312434756666667,0.5970402,0.4029598,0.3215719,0.04056152,0.00128243,0.01537234,0.02536352
LA,5,0.10054136,0.16225235,0.12111169,0.41175749,0.58824251,0.52183685,0.03978557,0.00091109,0.01725868,0.0129167
LA,6,-0.48008032,-0.49004211,-0.483400916666667,0.74333156,0.25666844,0.1539309,0.05820161,0.00096607,0.02162815,0.01981973
MA,1,0.25997018,0.33644313,0.285461163333333,0.72196777,0.27803223,0.07643149,0.15224525,0.00172365,0.04079411,0.01710695
MA,2,0.04979823,0.13094003,0.0768454966666667,0.75712025,0.24287975,0.06614401,0.11617857,0.00138228,0.03968512,0.01582883
MA,3,0.22201658,0.285646,0.243226386666667,0.7418532,0.2581468,0.04271122,0.06570146,0.00102327,0.11744693,0.0091948
MA,4,0.17487097,0.25436101,0.20136765,0.80503803,0.19496197,0.0449936,0.05057226,0.00103929,0.06168729,0.01015544
MA,5,0.61083215,0.66965932,0.630441206666667,0.66555748,0.33444252,0.06767755,0.07909693,0.00144578,0.16956327,0.00831436
MA,6,0.2116514,0.30068843,0.24133041,0.69675348,0.30324652,0.06024491,0.20294258,0.00146789,0.04027452,0.01364843
MA,7,0.44256558,0.57660308,0.487244746666667,0.43823472,0.56176528,0.22572666,0.20980278,0.00174911,0.11780281,0.01393378
MA,8,0.25198248,0.33830458,0.280756513333333,0.68254865,0.31745135,0.13748986,0.05161538,0.00117738,0.10239185,0.00902229
MA,9,0.1128858,0.19004236,0.138604653333333,0.83865389,0.16134611,0.04820281,0.05769367,0.0013323,0.01780163,0.01392557
MD,1,-0.16840356,-0.1445953,-0.160467473333333,0.74548719,0.25451281,0.15856709,0.04530253,0.00151744,0.03091652,0.01932344
MD,2,0.20666131,0.2340091,0.21577724,0.5988395,0.4011605,0.27174904,0.04846188,0.00120404,0.06926377,0.01453263
MD,3,0.24965075,0.26718847,0.255496656666667,0.58819066,0.41180934,0.21981801,0.08658863,0.00214219,0.0905263,0.0200401
MD,4,0.70365955,0.77609776,0.72780562,0.177855,0.822145,0.52532197,0.22814942,0.0016456,0.07342477,0.02553018
MD,5,0.3735523,0.42628931,0.391131303333333,0.36914757,0.63085243,0.51439864,0.07149539,0.00205981,0.03573517,0.02237896
MD,6,0.06171005,0.10109547,0.0748385233333333,0.64400334,0.35599666,0.13343453,0.10688574,0.00158465,0.10089908,0.01892244
MD,7,0.54150501,0.58516835,0.556059456666667,0.36283519,0.63716481,0.50931964,0.07079627,0.00123238,0.04745794,0.01893022
MD,8,0.5045828,0.55774803,0.522304543333333,0.50095327,0.49904673,0.14587061,0.16272086,0.00167178,0.1792676,0.01597663
ME,1,0.20157265,0.21224218,0.20512916,0.90388975,0.09611025,0.02952566,0.01855749,0.00105939,0.02069255,0.01810553
ME,2,-0.07017149,-0.03752752,-0.0592901666666667,0.92922385,0.07077615,0.01010524,0.01327075,0.00100909,0.01178765,0.02655587
MI,1,-0.20296,-0.18977926,-0.19856642,0.90665391,0.09334609,0.01441312,0.01641657,0.00105311,0.00857039,0.04540251
MI,2,-0.31514344,-0.29597745,-0.308754776666667,0.89497184,0.10502816,0.02580527,0.03772935,0.00079802,0.00844512,0.02527436
MI,3,0.08253202,0.08910323,0.0847224233333333,0.73902287,0.26097713,0.11771019,0.08821661,0.00114009,0.0349951,0.02141431
MI,4,-0.05563958,-0.03953423,-0.05027113,0.78449618,0.21550382,0.08967443,0.07044011,0.00108287,0.02932819,0.02337747
MI,5,-0.26900325,-0.24062671,-0.259544403333333,0.86584144,0.13415856,0.04886763,0.0413361,0.00077623,0.01223998,0.02484912
MI,6,0.20451728,0.24007388,0.21636948,0.74072037,0.25927963,0.09379455,0.0454305,0.0011789,0.09657489,0.01885922
MI,7,-0.01703708,0.00506422,-0.00966998,0.82309515,0.17690485,0.06739085,0.04733865,0.00117964,0.03544614,0.02209539
MI,8,-0.02001041,0.02012621,-0.00663153666666667,0.76241228,0.23758772,0.15150801,0.04434984,0.00081451,0.01484099,0.02309166
MI,9,-0.34069324,-0.30636085,-0.32924911,0.89365646,0.10634354,0.02978105,0.03000271,0.00060751,0.01878022,0.01966686
MI,10,0.05497641,0.10254749,0.0708334366666667,0.75833949,0.24166051,0.13344932,0.02499255,0.00087864,0.06096886,0.01741649
MI,11,0.06386699,0.10234511,0.07669303,0.70861672,0.29138328,0.1139105,0.04792504,0.0007963,0.11047889,0.01450805
MI,12,0.41823807,0.46864549,0.435040543333333,0.41564026,0.58435974,0.51795683,0.02852093,0.0009315,0.02250734,0.01912696
MI,13,0.41075491,0.56551436,0.462341393333333,0.42322863,0.57677137,0.44135942,0.08611567,0.00109141,0.0386879,0.01720863
MN,1,-0.09804692,-0.07125689,-0.08911691,0.85833926,0.14166074,0.03650627,0.05328315,0.00147898,0.03213648,0.01395321
MN,2,0.08452525,0.09702183,0.0886907766666667,0.7820432,0.2179568,0.06581308,0.06083759,0.00141889,0.0687766,0.01764788
MN,3,0.23906642,0.23510907,0.237747303333333,0.79990835,0.20009165,0.06644025,0.0402257,0.00115008,0.07314842,0.01519718
MN,4,0.32371725,0.34627222,0.331235573333333,0.69057562,0.30942438,0.1060531,0.06110086,0.00163337,0.12143221,0.02092169
MN,5,0.60117121,0.61580335,0.60604859,0.61083387,0.38916613,0.19031661,0.08913211,0.0016038,0.08634629,0.02832606
MN,6,-0.21002137,-0.19033969,-0.20346081,0.86980435,0.13019565,0.04286312,0.03038731,0.00110492,0.03388182,0.01591356
MN,7,-0.36044291,-0.32773729,-0.349541036666667,0.89758966,0.10241034,0.01728679,0.04895472,0.00165774,0.01290352,0.0192588
MN,8,-0.15732212,-0.12567292,-0.146772386666667,0.89334242,0.10665758,0.01558685,0.01416727,0.00105042,0.01053628,0.05777479
MO,1,0.56310848,0.57630011,0.56750569,0.43864476,0.56135524,0.45420291,0.03987665,0.00112123,0.05110863,0.01763529
MO,2,0.01057583,-0.0007992,0.00678415333333333,0.84958367,0.15041633,0.04525381,0.03003368,0.0009652,0.05087976,0.01749431
MO,3,-0.41811305,-0.39814395,-0.411456683333333,0.9011736,0.0988264,0.02617382,0.0209561,0.00107559,0.01338265,0.02793635
MO,4,-0.33994668,-0.31866805,-0.332853803333333,0.8494465,0.1505535,0.05726379,0.03510858,0.00239983,0.02064589,0.02949054
MO,5,0.24321133,0.27407451,0.253499056666667,0.61754871,0.38245129,0.22623237,0.09297712,0.00419189,0.03463735,0.02989686
MO,6,-0.37836405,-0.3606794,-0.372469166666667,0.87245938,0.12754062,0.04304576,0.03635769,0.00312561,0.01273273,0.02815592
MO,7,-0.42612113,-0.41469895,-0.422313736666667,0.85038047,0.14961953,0.02626385,0.0495487,0.00448948,0.01903538,0.04573391
MO,8,-0.59777574,-0.572778,-0.58944316,0.86826311,0.13173689,0.05424243,0.02544166,0.00164935,0.01323678,0.0314988
MS,1,-0.39117677,-0.33760919,-0.37332091,0.67736545,0.32263455,0.26363911,0.03077115,0.00081443,0.01187597,0.01574628
MS,2,0.2240518,0.27618442,0.24142934,0.34422769,0.65577231,0.61935469,0.02134133,0.0006134,0.00936698,0.0093897
MS,3,-0.27745761,-0.22248672,-0.25913398,0.60428533,0.39571467,0.33853589,0.02318606,0.00078901,0.01355235,0.02104446
MS,4,-0.43388287,-0.39011586,-0.419293866666667,0.68583232,0.31416768,0.22232749,0.04530902,0.00167472,0.02270998,0.02251979
MT,1,-0.0542587,-0.0201664,-0.0428946,0.88142474,0.11857526,0.00978689,0.03817188,0.00225585,0.01613696,0.04355318
MT,2,-0.35836709,-0.32125184,-0.34599534,0.82917491,0.17082509,0.00767912,0.03206796,0.00237647,0.01094377,0.1134273
NC,1,0.07908511,0.1206401,0.0929367733333333,0.47444286,0.52555714,0.43630329,0.06108028,0.00131675,0.01378319,0.02116515
NC,2,0.28752876,0.30126884,0.292108786666667,0.58156653,0.41843347,0.2451644,0.10829575,0.00141849,0.05290239,0.01894646
NC,3,-0.30590575,-0.26593116,-0.292580886666667,0.68949212,0.31050788,0.18309571,0.08471384,0.00342424,0.02121635,0.02361213
NC,4,0.33168049,0.34164936,0.335003446666667,0.56026929,0.43973071,0.26323852,0.10830778,0.00114927,0.05350511,0.02171481
NC,5,-0.39091852,-0.38236801,-0.38806835,0.81516136,0.18483864,0.08407971,0.06416796,0.00078999,0.01591286,0.0217483
NC,6,0.25477848,0.27149146,0.260349473333333,0.48746057,0.51253943,0.35417906,0.09966532,0.00141888,0.04734748,0.02138978
NC,7,-0.20380503,-0.18523882,-0.197616293333333,0.72361999,0.27638001,0.15938376,0.07787684,0.00146483,0.01309425,0.02680473
NC,8,-0.07441258,-0.02268129,-0.0571688166666667,0.47440412,0.52559588,0.31774824,0.09346311,0.00416602,0.02613771,0.10036374
NC,9,0.02073125,0.02803622,0.02316624,0.68645524,0.31354476,0.13884265,0.09013,0.00126759,0.06792681,0.01803345
NC,10,-0.36487111,-0.3648748,-0.36487234,0.77209154,0.22790846,0.12241059,0.06233757,0.00104569,0.01978499,0.02430557
NC,11,-0.058302,-0.0727395,-0.0631145,0.84497033,0.15502967,0.03959502,0.06282607,0.0023412,0.01398526,0.03461263
NC,12,0.43480049,0.46733566,0.445645546666667,0.36223271,0.63776729,0.40733243,0.15855948,0.00149455,0.06522181,0.02052555
NC,13,-0.43013006,-0.42851747,-0.42959253,0.76681566,0.23318434,0.11417408,0.07733585,0.00092216,0.01870299,0.02338605
NC,14,0.05396231,0.05561985,0.0545148233333333,0.64737391,0.35262609,0.1385062,0.09905148,0.00186879,0.09627545,0.0213535
ND,AL,-0.36446062,-0.33342817,-0.35411647,0.84408473,0.15591527,0.03597425,0.03624099,0.0022832,0.02213077,0.05876768
NE,1,0.09022228,0.09972067,0.09338841,0.69935425,0.30064575,0.1109204,0.11727746,0.00219831,0.0512953,0.02429626
NE,2,-0.14228934,-0.11930717,-0.134628616666667,0.83986354,0.16013646,0.03412392,0.06844423,0.00143136,0.03462196,0.02035895
NE,3,-0.5642945,-0.54485823,-0.557815743333333,0.83587742,0.16412258,0.01558402,0.1097979,0.00171471,0.01057336,0.02782355
NH,1,0.03373387,0.08055139,0.04933971,0.85981788,0.14018212,0.02531041,0.05144487,0.00117055,0.04132825,0.01445412
NH,2,0.02217499,0.06716232,0.0371707666666667,0.9168902,0.0831098,0.0136142,0.019772,0.0009988,0.01916349,0.0199636
NJ,1,0.17824947,0.23665487,0.197717936666667,0.63280786,0.36719214,0.17829105,0.1251563,0.00161356,0.0589124,0.0162434
NJ,2,-0.14876821,-0.06637832,-0.121304913333333,0.67943803,0.32056197,0.12187478,0.14731297,0.00164868,0.04176661,0.01932676
NJ,3,0.21835308,0.26194102,0.232882393333333,0.59021953,0.40978047,0.20478239,0.12546789,0.0017029,0.07234883,0.01600562
NJ,4,-0.31292674,-0.22312964,-0.282994373333333,0.80475363,0.19524637,0.03951228,0.09639227,0.0008263,0.0461466,0.01134629
NJ,5,-0.04458612,0.05476748,-0.0114682533333333,0.67783611,0.32216389,0.04106335,0.11490323,0.00121207,0.16042609,0.00889777
NJ,6,0.00198685,0.12038622,0.0414533066666667,0.5404483,0.4595517,0.10506727,0.18525384,0.00139389,0.16278301,0.01294097
NJ,7,0.03272629,0.09731995,0.05425751,0.67681312,0.32318688,0.09790352,0.14592623,0.00108901,0.06964386,0.01238526
NJ,8,0.21661918,0.39495967,0.27606601,0.26941094,0.73058906,0.11773385,0.5109202,0.00219588,0.10399601,0.02269901
NJ,9,0.05289547,0.26792381,0.124571583333333,0.36403386,0.63596614,0.13945578,0.41047526,0.00159241,0.10234731,0.02003338
NJ,10,0.52967261,0.6811431,0.580162773333333,0.17151197,0.82848803,0.50372297,0.21305121,0.00209588,0.11660756,0.01509929
NJ,11,0.08455288,0.16570899,0.111604916666667,0.65710691,0.34289309,0.08254496,0.13414953,0.00107218,0.11934945,0.0103913
NJ,12,0.14097667,0.25471905,0.178890796666667,0.47460964,0.52539036,0.11124011,0.15852153,0.00133758,0.25122026,0.01196303
NM,1,0.19668738,0.23225765,0.208544136666667,0.41660586,0.58339414,0.04021035,0.45359686,0.00303739,0.03996534,0.07130671
NM,2,-0.21632471,-0.1710196,-0.201223006666667,0.4199307,0.5800693,0.02972992,0.50572859,0.00246206,0.01711281,0.04193171
NM,3,0.1476333,0.20592842,0.167065006666667,0.37924193,0.62075807,0.0149455,0.37252364,0.00218786,0.01800341,0.23022192
NV,1,0.23134341,0.3289034,0.263863406666667,0.26468624,0.73531376,0.17871364,0.4609618,0.01353511,0.08409585,0.03307065
NV,2,-0.13953494,-0.11045945,-0.12984311,0.66780569,0.33219431,0.02810543,0.19774725,0.00895572,0.05956087,0.04507304
NV,3,-0.04679966,0.01136006,-0.0274130866666667,0.51423659,0.48576341,0.10133305,0.17322654,0.02042599,0.18897544,0.02432899
NV,4,-0.04998946,-0.00952884,-0.0365025866666667,0.53884853,0.46115147,0.13134086,0.1896239,0.01472726,0.11853747,0.0269997
NY,1,-0.12517328,-0.04612385,-0.09882347,0.73315115,0.26684885,0.06260102,0.14749043,0.00099156,0.0476668,0.01449371
NY,2,-0.14797434,-0.02705786,-0.107668846666667,0.59916757,0.40083243,0.10115831,0.23161454,0.00106292,0.06646602,0.01586733
NY,3,-0.01218946,0.13735747,0.0376595166666667,0.59336266,0.40663734,0.04839891,0.12739163,0.00111978,0.22478807,0.00875169
NY,4,0.01427552,0.14646192,0.0583376533333333,0.52836604,0.47163396,0.18957675,0.2030386,0.0013324,0.07849353,0.01275955
NY,5,0.42329657,0.63430674,0.493633293333333,0.11924955,0.88075045,0.47566856,0.1880942,0.00494194,0.19114476,0.02754273
NY,6,0.06905745,0.28879114,0.142302013333333,0.26118569,0.73881431,0.05773315,0.22952476,0.00183978,0.45368941,0.01502566
NY,7,0.44406315,0.58273358,0.490286626666667,0.393095,0.606905,0.11792454,0.35127072,0.00290576,0.14745167,0.02467362
NY,8,0.51197902,0.61374704,0.545901693333333,0.27872282,0.72127718,0.50050525,0.15652604,0.00226595,0.09085224,0.01443373
NY,9,0.47162309,0.57677042,0.5066722,0.29835681,0.70164319,0.50060999,0.11648153,0.00168199,0.10077309,0.0126437
NY,10,0.48227275,0.59628469,0.52027673,0.46271606,0.53728394,0.0734993,0.19257628,0.00273987,0.2718746,0.01623725
NY,11,-0.24212904,-0.07543383,-0.18656397,0.54829046,0.45170954,0.08257747,0.16453688,0.00156391,0.20830357,0.01449594
NY,12,0.62992081,0.70905267,0.656298096666667,0.67418049,0.32581951,0.05828486,0.10191907,0.00333327,0.15873333,0.00793018
NY,13,0.63690777,0.78565106,0.686488866666667,0.22010022,0.77989978,0.32304089,0.45342059,0.00307927,0.07072752,0.02724619
NY,14,0.27320501,0.53443772,0.36028258,0.15969477,0.84030523,0.21322198,0.54899132,0.00319809,0.12415472,0.03431705
NY,15,0.49124465,0.71650811,0.56633247,0.09120956,0.90879044,0.42299923,0.52926807,0.00396216,0.04064698,0.02777929
NY,16,0.3288932,0.44513679,0.367641063333333,0.41526757,0.58473243,0.25315878,0.27067929,0.00166525,0.0735789,0.01760781
NY,17,0.00677655,0.10140749,0.0383201966666667,0.65820861,0.34179139,0.093434,0.18369388,0.0011794,0.06009633,0.01295971
NY,18,0.01926483,0.07718754,0.0385724,0.66166479,0.33833521,0.12454729,0.16205142,0.0013664,0.03862765,0.01999042
NY,19,0.03835758,0.06504087,0.04725201,0.8174838,0.1825162,0.05524647,0.05810912,0.00135119,0.04425626,0.0199348
NY,20,0.14285,0.19162811,0.15910937,0.75470012,0.24529988,0.10475248,0.05388451,0.00160594,0.06349931,0.01882291
NY,21,-0.2008589,-0.15041296,-0.184043586666667,0.88730081,0.11269919,0.03271182,0.03361314,0.00109216,0.01146526,0.02690623
NY,22,0.08235448,0.11698776,0.0938989066666667,0.78760012,0.21239988,0.10033461,0.04850807,0.00120082,0.04280257,0.02003252
NY,23,-0.21373934,-0.18600003,-0.204492903333333,0.89956719,0.10043281,0.02795072,0.02927847,0.00088732,0.01408385,0.02191432
NY,24,-0.25038916,-0.21829166,-0.239689993333333,0.88625734,0.11374266,0.03642122,0.03592284,0.00134905,0.01185577,0.02154266
NY,25,0.18472115,0.20610424,0.191848846666667,0.70759436,0.29240564,0.15485003,0.07904379,0.00124235,0.04925152,0.01457707
NY,26,0.1922906,0.25077099,0.211784063333333,0.68539175,0.31460825,0.18378197,0.06055148,0.00104519,0.05925913,0.01614954
OH,1,0.19524649,0.20112501,0.197205996666667,0.64490617,0.35509383,0.2629149,0.03668337,0.00153406,0.03870427,0.01633712
OH,2,-0.51053543,-0.48101252,-0.50069446,0.92361357,0.07638643,0.03068883,0.0114199,0.00071548,0.00631819,0.02272846
OH,3,0.27623706,0.32301312,0.29182908,0.52835505,0.47164495,0.3415494,0.07029312,0.00136376,0.04373397,0.02275428
OH,4,-0.40388793,-0.39004744,-0.399274433333333,0.9057464,0.0942536,0.03466256,0.0210749,0.00085343,0.01376819,0.01863605
OH,5,-0.51426223,-0.49339166,-0.507305373333333,0.9021993,0.0978007,0.03335446,0.03151479,0.00145315,0.01080574,0.01736316
OH,6,-0.38217535,-0.34446648,-0.369605726666667,0.91551939,0.08448061,0.0328341,0.01778674,0.00068964,0.00855895,0.0187964
OH,7,0.01453707,0.0329829,0.02068568,0.83421201,0.16578799,0.0593068,0.05848572,0.00095265,0.03072414,0.01574012
OH,8,-0.30028456,-0.2880534,-0.296207506666667,0.82696224,0.17303776,0.06303375,0.03765733,0.00143725,0.04829399,0.02021834
OH,9,-0.03007013,0.00795889,-0.01739379,0.77549308,0.22450692,0.12915219,0.05625673,0.00078245,0.01859727,0.01947043
OH,10,-0.05798731,-0.03287767,-0.04961743,0.73616179,0.26383821,0.17782737,0.03229403,0.0015484,0.03076998,0.0216776
OH,11,0.51174061,0.54062,0.521367073333333,0.43766194,0.56233806,0.44887762,0.06731027,0.00125354,0.04019869,0.0146004
OH,12,-0.36317534,-0.34072512,-0.355691933333333,0.91062535,0.08937465,0.03479062,0.01440179,0.00088161,0.01475706,0.02028356
OH,13,0.04462968,0.07254986,0.0539364066666667,0.77718846,0.22281154,0.14010301,0.02238908,0.00088771,0.03656048,0.01954235
OH,14,-0.16729734,-0.12718603,-0.153926903333333,0.84786629,0.15213371,0.08521591,0.03256229,0.00080551,0.0111812,0.01765562
OH,15,0.17692734,0.19220987,0.182021516666667,0.78671013,0.21328987,0.06844357,0.03796503,0.00129011,0.08924065,0.01407138
OK,1,-0.20364924,-0.20080633,-0.202701603333333,0.61775541,0.38224459,0.10892835,0.11336277,0.00226652,0.03773856,0.13154675
OK,2,-0.55087208,-0.52912982,-0.54362466,0.65307197,0.34692803,0.0430018,0.04241776,0.00184425,0.01078089,0.25521071
OK,3,-0.48194009,-0.50528751,-0.489722563333333,0.74374701,0.25625299,0.0489245,0.08502391,0.00477516,0.02408131,0.09772704
OK,4,-0.47008925,-0.46655222,-0.46891024,0.70118378,0.29881622,0.06423429,0.08078945,0.00306906,0.02657226,0.13148074
OK,5,0.08232742,0.09590016,0.0868516666666667,0.54749982,0.45250018,0.16423253,0.16902302,0.00299426,0.0458704,0.08595605
OR,1,0.20774513,0.22685634,0.214115533333333,0.68648133,0.31351867,0.02565592,0.14121371,0.00864755,0.10768153,0.03459928
OR,2,-0.27723256,-0.24935732,-0.267940813333333,0.78676256,0.21323744,0.01192105,0.11880341,0.00573724,0.01887784,0.05422133
OR,3,0.6825241,0.67586519,0.680304463333333,0.69068007,0.30931993,0.06847823,0.10123391,0.00970494,0.10115674,0.03360458
OR,4,0.1321082,0.13905232,0.134422906666667,0.80626616,0.19373384,0.0164612,0.07952282,0.00620615,0.0423532,0.04615897
OR,5,0.13621935,0.14936994,0.14060288,0.7552255,0.2447745,0.02288027,0.11840158,0.00810055,0.0643585,0.03312289
OR,6,-0.0192465,-0.01290481,-0.0171326033333333,0.77161225,0.22838775,0.01387107,0.13671822,0.00881795,0.02732181,0.04161503
PA,1,0.01667095,0.0598291,0.031057,0.82201451,0.17798549,0.046724,0.04974068,0.00087809,0.06632583,0.0107865
PA,2,0.35650168,0.42671619,0.379906516666667,0.4151437,0.5848563,0.26086076,0.2213473,0.00230069,0.10572033,0.01425651
PA,3,0.78642929,0.82321329,0.798690623333333,0.33841442,0.66158558,0.52712343,0.05282999,0.00154263,0.08016436,0.01378658
PA,4,0.14557388,0.17666361,0.155937123333333,0.76222236,0.23777764,0.1027728,0.06045,0.00094829,0.06327495,0.01163362
PA,5,0.27574859,0.31167002,0.2877224,0.65218795,0.34781205,0.21660028,0.04223173,0.001089,0.07973275,0.01027606
PA,6,0.11021984,0.14314455,0.121194743333333,0.72769896,0.27230104,0.0732751,0.13983848,0.00137088,0.0525386,0.01465842
PA,7,-0.03199447,0.00623006,-0.01925296,0.72670717,0.27329283,0.07306616,0.16170238,0.00120265,0.0358336,0.01393355
PA,8,-0.08288091,-0.02700923,-0.0642570166666667,0.78195577,0.21804423,0.07693308,0.10876533,0.00121407,0.02440971,0.01411209
PA,9,-0.38111652,-0.36742399,-0.376552343333333,0.89580631,0.10419369,0.02923462,0.04633032,0.00100871,0.01173773,0.01373387
PA,10,-0.04963629,-0.03862964,-0.0459674066666667,0.7472186,0.2527814,0.11484698,0.07877359,0.00132337,0.0492256,0.01450217
PA,11,-0.21719444,-0.21623113,-0.216873336666667,0.84217345,0.15782655,0.04529431,0.07755014,0.00095268,0.02482361,0.01307902
PA,12,-0.38536545,-0.37608026,-0.382270386666667,0.90751196,0.09248804,0.02625112,0.02068236,0.00105107,0.02483523,0.01367681
PA,13,-0.47814888,-0.47685791,-0.477718556666667,0.91636146,0.08363854,0.02671778,0.0284218,0.00075023,0.00929664,0.0143135
PA,14,-0.22280495,-0.20157976,-0.215729886666667,0.89100981,0.10899019,0.0485498,0.02096148,0.00070861,0.01624724,0.01455116
PA,15,-0.3186008,-0.30033507,-0.312512223333333,0.91667459,0.08332541,0.03755144,0.01348624,0.00079084,0.01029387,0.01298049
PA,16,0.06841902,0.07238395,0.0697406633333333,0.83488853,0.16511147,0.09274108,0.02029937,0.00082663,0.03411377,0.01251449
PA,17,0.19613194,0.20253569,0.198266523333333,0.76186738,0.23813262,0.14641104,0.02423983,0.00090864,0.05221569,0.01239584
RI,1,0.3139502,0.3927343,0.340211566666667,0.58764487,0.41235513,0.1272998,0.23045071,0.00251955,0.04703457,0.02263716
RI,2,0.00995562000000005,0.07003683,0.02998269,0.85677348,0.14322652,0.03237251,0.05549604,0.00122488,0.03634112,0.0149636
SC,1,-0.0199231,0.04932182,0.00315854,0.66162099,0.33837901,0.22520657,0.07389117,0.00172202,0.02306585,0.01665705
SC,2,0.08986281,0.13711643,0.105614016666667,0.54104641,0.45895359,0.36535358,0.05161278,0.00175121,0.02776889,0.01889286
SC,3,-0.35408033,-0.30194139,-0.336700683333333,0.69548522,0.30451478,0.21367628,0.05544889,0.00125952,0.01506861,0.02165256
SC,4,-0.35513663,-0.31617525,-0.342149503333333,0.74662436,0.25337564,0.14029054,0.07005641,0.00124398,0.02046288,0.02202918
SC,5,-0.31347912,-0.2684861,-0.298481446666667,0.71003164,0.28996836,0.17111975,0.0648663,0.001078,0.03409409,0.01999763
SC,6,0.03631645,0.11946396,0.0640322866666667,0.46023175,0.53976825,0.48352222,0.02924829,0.00128403,0.01306011,0.01787521
SC,7,-0.29486494,-0.24391162,-0.2778805,0.72636894,0.27363106,0.16908256,0.05775775,0.00183213,0.02162776,0.02196666
SD,AL,-0.29281175,-0.26164138,-0.282421626666667,0.83089555,0.16910445,0.02234724,0.03564411,0.00154351,0.01853703,0.09057534
TN,1,-0.59029834,-0.55339468,-0.57799712,0.90408937,0.09591063,0.0270965,0.03110251,0.00109476,0.00961604,0.02415606
TN,2,-0.30215401,-0.26013223,-0.28814675,0.83276679,0.16723321,0.06664319,0.04711455,0.0011863,0.02441368,0.02610345
TN,3,-0.38180723,-0.34117717,-0.368263876666667,0.80075669,0.19924331,0.10098557,0.0507978,0.00106713,0.01810989,0.02795901
TN,4,-0.31671851,-0.26687423,-0.30010375,0.77954515,0.22045485,0.09663915,0.05902055,0.00135124,0.04118763,0.02082832
TN,5,0.2612661,0.309192,0.2772414,0.57627752,0.42372248,0.24042712,0.12030939,0.00153481,0.04698436,0.0208075
TN,6,-0.59364037,-0.54972875,-0.579003163333333,0.88658559,0.11341441,0.03859155,0.03664265,0.00098191,0.00932653,0.02573046
TN,7,-0.45896039,-0.40641674,-0.44144584,0.78815945,0.21184055,0.10818059,0.06001348,0.00267681,0.01659107,0.02558787
TN,8,-0.44787951,-0.40452352,-0.433427513333333,0.74946153,0.25053847,0.18067366,0.02911858,0.00117333,0.01844467,0.01991133
TN,9,0.46346243,0.50835857,0.47842781,0.28496739,0.71503261,0.59888034,0.07736175,0.00108094,0.03079224,0.01421325
TX,1,-0.45341458,-0.38880161,-0.431876923333333,0.61451088,0.38548912,0.14294422,0.18836335,0.00143074,0.03368777,0.0248817
TX,2,-0.44547152,-0.42888378,-0.439942273333333,0.63964559,0.36035441,0.06726147,0.22780315,0.00228616,0.03947245,0.02975716
TX,3,-0.22112861,-0.17274607,-0.205001096666667,0.58587589,0.41412411,0.1138604,0.15304842,0.00202867,0.12340817,0.0278828
TX,4,-0.57990335,-0.53140438,-0.563737026666667,0.6897412,0.3102588,0.14625752,0.11980225,0.00154102,0.01183088,0.03331517
TX,5,-0.47631914,-0.49019054,-0.48094294,0.66453994,0.33546006,0.09778548,0.1949922,0.00317969,0.01187836,0.03175533
TX,6,0.1913683,0.26884981,0.21719547,0.32372163,0.67627837,0.25328028,0.34612766,0.00391283,0.06489339,0.02554744
TX,7,0.16399745,0.21113664,0.179710513333333,0.41884472,0.58115528,0.08369514,0.39533975,0.00162144,0.09294784,0.02546038
TX,8,-0.25231561,-0.23832697,-0.24765273,0.51459068,0.48540932,0.13910747,0.24900714,0.00204738,0.08004877,0.02645739
TX,9,0.10694302,0.1793437,0.13107658,0.29171313,0.70828687,0.2981445,0.28491858,0.00158047,0.11925963,0.02067931
TX,10,0.15550776,0.24056988,0.1838618,0.40735105,0.59264895,0.09286153,0.44594983,0.00610551,0.04109641,0.03306819
TX,11,-0.56680139,-0.53916336,-0.557588713333333,0.66808627,0.33191373,0.03889604,0.25278185,0.00226405,0.0155142,0.02880258
TX,12,-0.23867789,-0.21268854,-0.230014773333333,0.61659842,0.38340158,0.08104288,0.1998655,0.00354645,0.07659625,0.03011065
TX,13,-0.52821487,-0.48216893,-0.512866223333333,0.56515137,0.43484863,0.07291246,0.30736182,0.00141487,0.03124277,0.03138254
TX,14,-0.44409626,-0.37733489,-0.42184247,0.59845232,0.40154768,0.20209769,0.15616228,0.00100505,0.02241149,0.02339305
TX,15,-0.02265153,0.17714622,0.04394772,0.07680769,0.92319231,0.00813801,0.89936976,0.00043388,0.01455163,0.01504855
TX,16,0.16108536,0.35410184,0.225424186666667,0.12810912,0.87189088,0.04083986,0.81045283,0.00291477,0.02056341,0.02503296
TX,17,-0.03529195,0.00331175,-0.02242405,0.61837109,0.38162891,0.06589225,0.19881127,0.00278827,0.09528704,0.02682505
TX,18,0.52386244,0.63180553,0.55984347,0.11804068,0.88195932,0.44233399,0.38313237,0.00300083,0.05732721,0.02366516
TX,19,0.02221003,0.07300789,0.03914265,0.51557826,0.48442174,0.11928623,0.16176698,0.00203561,0.18374031,0.02403275
TX,20,0.26678334,0.37770335,0.303756676666667,0.19450525,0.80549475,0.07804182,0.70537644,0.00259186,0.02077453,0.02898411
TX,21,-0.18820043,-0.14341625,-0.17327237,0.5166297,0.4833703,0.07177292,0.35024018,0.0038618,0.04710023,0.02810806
TX,22,0.11624057,0.24112997,0.15787037,0.19436451,0.80563549,0.22450695,0.32133018,0.00160248,0.25843405,0.01962034
TX,23,-0.50856965,-0.42935127,-0.482163523333333,0.35780589,0.64219411,0.04474481,0.56874594,0.00223446,0.01654756,0.02400472
TX,24,0.09379881,0.16949318,0.119030266666667,0.53044396,0.46955604,0.14646735,0.2067383,0.00184123,0.1006073,0.02424692
TX,25,-0.43507711,-0.40517593,-0.42511005,0.69767742,0.30232258,0.08511555,0.16156278,0.00190367,0.02755236,0.03028231
TX,26,-0.44363738,-0.42401813,-0.43709763,0.72014788,0.27985212,0.06355974,0.14055868,0.00195851,0.03969191,0.03733476
TX,27,-0.51262541,-0.46114443,-0.495465083333333,0.53070723,0.46929277,0.07367995,0.360415,0.00111923,0.01773369,0.02409079
TX,28,-0.14890904,0.03241995,-0.0884660433333333,0.12703571,0.87296429,0.00994082,0.84999092,0.0008637,0.00704531,0.01528624
TX,29,0.06728156,0.18312733,0.105896816666667,0.17187248,0.82812752,0.14010666,0.64581382,0.00151309,0.04008147,0.02816159
TX,30,0.45971319,0.55219503,0.49054047,0.17071115,0.82928885,0.4596472,0.32214017,0.00152142,0.04276036,0.02661491
TX,31,-0.27087635,-0.19599794,-0.24591688,0.53013827,0.46986173,0.19480467,0.21902417,0.00859897,0.03592966,0.03090952
TX,32,0.12158163,0.20793894,0.1503674,0.32070243,0.67929757,0.19343867,0.38635259,0.00161989,0.08738963,0.0302566
TX,33,0.18507562,0.31278759,0.227646276666667,0.22913794,0.77086206,0.1334568,0.51086732,0.00186786,0.11759233,0.03184722
TX,34,-0.07170264,0.06565214,-0.0259177133333333,0.19999083,0.80000917,0.02712418,0.74720472,0.00135224,0.01982172,0.0186687
TX,35,0.1075197,0.20190874,0.138982713333333,0.28003319,0.71996681,0.11427612,0.54280587,0.00429579,0.05998991,0.03028322
TX,36,-0.32427649,-0.28152046,-0.31002448,0.56857557,0.43142443,0.1101768,0.2508322,0.00175987,0.0488394,0.02754549
TX,37,0.47380495,0.51610174,0.48790388,0.5677092,0.4322908,0.08247134,0.224851,0.00240398,0.10907905,0.02425354
TX,38,0.00795847,0.09134,0.0357523133333333,0.3075161,0.6924839,0.18834183,0.37124795,0.00189544,0.12673837,0.02751737
UT,1,-0.28929941,-0.29892099,-0.292506603333333,0.81006177,0.18993823,0.01692132,0.11866982,0.00913895,0.02868766,0.02132888
UT,2,-0.48262576,-0.47259376,-0.47928176,0.83663347,0.16336653,0.00839648,0.09688905,0.00910859,0.01536344,0.03523512
UT,3,-0.26989709,-0.2799181,-0.273237426666667,0.78054218,0.21945782,0.01459133,0.12973355,0.01866415,0.04200319,0.01889258
UT,4,0.25250803,0.25622009,0.253745383333333,0.67701866,0.32298134,0.02763669,0.1938289,0.02180206,0.06014091,0.02570732
VA,1,-0.13609194,-0.13751505,-0.13656631,0.73043461,0.26956539,0.15400094,0.04517632,0.00190339,0.04840331,0.02129135
VA,2,0.02625522,0.05311458,0.03520834,0.59969373,0.40030627,0.23993336,0.07126462,0.00406494,0.07428293,0.02254941
VA,3,0.29034409,0.33000692,0.303565033333333,0.43324575,0.56675425,0.45277359,0.06540153,0.00371773,0.03938716,0.02278573
VA,4,0.35621722,0.38330864,0.365247693333333,0.45727425,0.54272575,0.41029626,0.08090689,0.00174157,0.04065366,0.01856301
VA,5,-0.17049136,-0.1597541,-0.166912273333333,0.6876441,0.3123559,0.23206164,0.03931255,0.00120032,0.02376315,0.01770515
VA,6,-0.22863011,-0.21049139,-0.22258387,0.80634111,0.19365889,0.08707383,0.06434579,0.00120289,0.02305245,0.01941648
VA,7,0.05383916,0.11326985,0.07364939,0.63797295,0.36202705,0.14787478,0.12567002,0.00225365,0.07243523,0.02206569
VA,8,0.48750922,0.54773256,0.507583666666667,0.53078226,0.46921774,0.11518174,0.16516256,0.00210191,0.1789345,0.01764809
VA,9,-0.4515831,-0.42844875,-0.44387165,0.87194742,0.12805258,0.06362488,0.0240739,0.00092778,0.02013161,0.01755131
VA,10,0.23954028,0.32081529,0.26663195,0.52710621,0.47289379,0.08608636,0.12912268,0.00200241,0.24660808,0.01467689
VA,11,0.29773229,0.36961829,0.32169429,0.44391621,0.55608379,0.19429165,0.20187881,0.00309214,0.1521131,0.0206546
VT,AL,0.31214986,0.35412652,0.32614208,0.90402721,0.09597279,0.01723224,0.02118853,0.00098764,0.02224099,0.0243669
WA,1,0.11333853,0.10897111,0.111882723333333,0.77824551,0.22175449,0.02106462,0.09249672,0.00785809,0.05523209,0.04342603
WA,2,0.40112129,0.40649981,0.40291413,0.63229376,0.36770624,0.05018062,0.09286578,0.00983791,0.19045461,0.02588966
WA,3,-0.03321369,-0.0422224,-0.0362165933333333,0.78325271,0.21674729,0.02538673,0.0889563,0.01173328,0.0511457,0.038801
WA,4,-0.24245974,-0.21094382,-0.231954433333333,0.61565802,0.38434198,0.01335822,0.29123664,0.00369543,0.02399469,0.0585412
WA,5,-0.0693109,-0.05795949,-0.0655270966666667,0.76995919,0.23004081,0.02837663,0.11553724,0.00895675,0.03928253,0.03812736
WA,6,0.18981889,0.16539875,0.181678843333333,0.76389916,0.23610084,0.03543929,0.07375453,0.01382384,0.06535389,0.05080502
WA,7,0.77047836,0.78159932,0.774185346666667,0.61807049,0.38192951,0.07597852,0.07647633,0.00690991,0.20396783,0.02304977
WA,8,0.11611123,0.12706009,0.11976085,0.68890304,0.31109696,0.02702109,0.08521178,0.00770486,0.16202355,0.02820711
WA,9,0.32387936,0.36647986,0.338079526666667,0.45327537,0.54672463,0.11614251,0.13683323,0.02424167,0.25548102,0.02957565
WA,10,0.18136535,0.18303725,0.18192265,0.6307003,0.3692997,0.10365175,0.10712106,0.02759519,0.10838034,0.03803666
WI,1,0.03837737,0.0405115,0.0390887466666667,0.7623704,0.2376296,0.0756797,0.10407017,0.00114889,0.03988798,0.0188573
WI,2,0.35120879,0.36048174,0.354299773333333,0.81301344,0.18698656,0.05013788,0.06073883,0.0011324,0.05776626,0.01501459
WI,3,0.01234241,0.04716934,0.0239513866666667,0.89431668,0.10568332,0.02343715,0.04023328,0.00102957,0.02052378,0.01590024
WI,4,0.43433419,0.45271301,0.440460463333333,0.48772722,0.51227278,0.30791251,0.1441576,0.00139455,0.05102949,0.01976244
WI,5,-0.30026557,-0.30149502,-0.300675386666667,0.90631109,0.09368891,0.01485215,0.04156047,0.00083577,0.01751141,0.01380399
WI,6,-0.24532067,-0.23196581,-0.24086905,0.90427974,0.09572026,0.01229966,0.02968459,0.00095013,0.0197221,0.02915057
WI,7,-0.23481335,-0.20447903,-0.22470191,0.92089931,0.07910069,0.01003097,0.0172165,0.00102039,0.01012685,0.03353073
WI,8,-0.03781881,-0.03485159,-0.0368297366666667,0.84507656,0.15492344,0.02873947,0.05832211,0.00116547,0.03831929,0.02695207
WV,1,-0.40125899,-0.37317489,-0.391897623333333,0.89686343,0.10313657,0.04142278,0.02182916,0.00092985,0.01322806,0.02014624
WV,2,-0.43764722,-0.40586212,-0.427052186666667,0.90791354,0.09208646,0.04646658,0.01091759,0.00069136,0.00943551,0.02039648
WY,AL,-0.45756148,-0.43382653,-0.44964983,0.83845451,0.16154549,0.01343191,0.08644868,0.00228623,0.01477329,0.04176627
