id,TotalPop,DemPct,RepPct,WhitePct,MinorityPct,BlackPct,HispanicPct,PacificPct,AsianPct,NativePct,TotalVAP,Margin,Majority
AK-AL,733391,0.43006525,0.53122894,0.61476201,0.38523799,0.04271638,0.06036249,0.02018762,0.07835156,0.19085998,554003,-0.10116369,White
AL-01,717322,0.23396292,0.75344951,0.75599098,0.24400902,0.1536415,0.03938018,0.00151359,0.01839671,0.0302016,556295,-0.51948659,White
AL-02,718179,0.57667036,0.41228036,0.42166737,0.57833263,0.51555668,0.02557651,0.00112164,0.02129503,0.01904463,560788,0.16439,Black
AL-03,717621,0.31761537,0.66944585,0.67450105,0.32549895,0.24556009,0.0372776,0.00136996,0.02206727,0.02075432,561329,-0.35183048,White
AL-04,716922,0.14422201,0.84430759,0.85627992,0.14372008,0.04119157,0.06019057,0.00089543,0.00741437,0.03495245,553924,-0.70008558,White
AL-05,717587,0.37934542,0.60035792,0.69046204,0.30953796,0.20031177,0.05183969,0.00182758,0.02554525,0.03252637,561944,-0.2210125,White
AL-06,718453,0.26333145,0.72139792,0.77838588,0.22161412,0.13999939,0.03626642,0.00085638,0.01989813,0.02327686,555831,-0.45806647,White
AL-07,718195,0.65663852,0.32965144,0.41255434,0.58744566,0.50920457,0.04770437,0.00114804,0.0190881,0.01482396,567055,0.32698708,Black
AR-01,752351,0.35115294,0.61902999,0.63318706,0.36681294,0.28645983,0.04398234,0.00136166,0.00862039,0.0265874,583848,-0.26787705,White
AR-02,752536,0.32932203,0.64483222,0.76628055,0.23371945,0.11851891,0.05920557,0.00128972,0.01863933,0.03490791,584624,-0.31551019,White
AR-03,753678,0.36666722,0.60331233,0.71652272,0.28347728,0.03560114,0.13846376,0.01328295,0.04184748,0.05644109,566892,-0.23664511,White
AR-04,752959,0.34561712,0.62663392,0.74519552,0.25480448,0.16494456,0.04024205,0.00210432,0.01574945,0.02944139,576909,-0.2810168,White
AZ-01,793933,0.50272765,0.48222546,0.51993479,0.48006521,0.04082466,0.18865268,0.00495488,0.04356804,0.21326736,607280,0.02050219,White
AZ-02,794183,0.53607501,0.44802661,0.64893402,0.35106598,0.04837139,0.22719988,0.00449358,0.04898288,0.03316197,642694,0.0880484,White
AZ-03,795276,0.59799836,0.3874112,0.34484092,0.65515908,0.05138321,0.54186622,0.0039285,0.02658674,0.0554109,594883,0.21058716,Hispanic
AZ-04,794117,0.31367839,0.67376771,0.78603954,0.21396046,0.01754563,0.13551058,0.00355188,0.02278794,0.03495535,654864,-0.36008932,White
AZ-05,795010,0.38279009,0.60086607,0.72944423,0.27055577,0.04070051,0.15735663,0.00526143,0.04535258,0.02744989,592425,-0.21807598,White
AZ-06,795255,0.52415625,0.46198395,0.70665945,0.29334055,0.0464878,0.15342755,0.00303872,0.06138839,0.0343205,645008,0.0621723,White
AZ-07,794503,0.71499251,0.26888398,0.21244317,0.78755683,0.12166232,0.60581364,0.004597,0.04094887,0.04586396,556450,0.44610853,Hispanic
AZ-08,794900,0.42397792,0.56208819,0.6829822,0.3170178,0.05530018,0.18870764,0.00414587,0.04888243,0.02785947,623271,-0.13811027,White
AZ-09,794325,0.60670227,0.373675,0.53360017,0.46639983,0.0767492,0.27361818,0.00592224,0.07876327,0.05001752,625101,0.23302727,White
CA-01,760069,0.60180579,0.372258,0.63511145,0.36488855,0.02292648,0.24443565,0.00670254,0.05073943,0.05282883,596341,0.22954779,White
CA-02,760510,0.60593693,0.37056538,0.71860955,0.28139045,0.02751323,0.13675058,0.00586247,0.0539654,0.06199198,619193,0.23537155,White
CA-03,760220,0.56405792,0.41151737,0.61429023,0.38570977,0.06597678,0.16444687,0.01084169,0.12421618,0.03469944,597877,0.15254055,White
CA-04,760406,0.61535887,0.36082687,0.55106571,0.44893429,0.03125778,0.26369842,0.00809552,0.12239715,0.04028067,594156,0.254532,White
CA-05,759395,0.40749157,0.57117639,0.56753504,0.43246496,0.02922464,0.28988387,0.0084789,0.0769127,0.04513261,585807,-0.16368482,White
CA-06,759270,0.55087289,0.42200054,0.56557938,0.43442062,0.08699893,0.1778212,0.01283988,0.13971472,0.03549211,590582,0.12887235,White
CA-07,760566,0.57495013,0.40241806,0.43883396,0.56116604,0.09921421,0.20424933,0.02022124,0.22520939,0.03727826,579292,0.17253207,Minority
CA-08,760418,0.61705346,0.36006039,0.39392586,0.60607414,0.14808047,0.26632489,0.01662183,0.17404869,0.03556841,591030,0.25699307,Minority
CA-09,759311,0.60939215,0.36831293,0.30482667,0.69517333,0.09364854,0.37098543,0.0133045,0.21816558,0.03733175,560863,0.24107922,Hispanic
CA-10,760707,0.75583133,0.22349001,0.42579309,0.57420691,0.09769776,0.25685369,0.00951291,0.20269221,0.02890282,598765,0.53234132,Minority
CA-11,759871,0.86289892,0.11728119,0.44685009,0.55314991,0.06514956,0.13293645,0.00692056,0.34127543,0.01937757,664686,0.74561773,Minority
CA-12,759968,0.89392485,0.08531328,0.35225675,0.64774325,0.18111653,0.21208915,0.009324,0.24410707,0.03069398,620871,0.80861157,Minority
CA-13,760437,0.6058623,0.37051902,0.28465788,0.71534212,0.03939923,0.56876419,0.00838224,0.09158973,0.05066416,552955,0.23534328,Hispanic
CA-14,759924,0.7190803,0.26087537,0.29061412,0.70938588,0.065605,0.20811208,0.01785538,0.41951524,0.02324217,586434,0.45820493,Asian
CA-15,759290,0.77159402,0.20928384,0.34356301,0.65643699,0.0313412,0.20512892,0.01452035,0.4023618,0.01978818,613346,0.56231018,Asian
CA-16,759868,0.78312179,0.19533839,0.36917823,0.63082177,0.02931583,0.16543004,0.0095837,0.4203485,0.0166836,600290,0.5877834,Asian
CA-17,759365,0.69596902,0.28716325,0.1421165,0.8578835,0.02953,0.23353535,0.0091392,0.58877961,0.02244448,596004,0.40880577,Asian
CA-18,760512,0.74591868,0.22973114,0.45981104,0.54018896,0.03802968,0.25303123,0.00754264,0.23273071,0.02914532,606684,0.51618754,Minority
CA-19,759410,0.67011839,0.30745232,0.29267841,0.70732159,0.03357726,0.59516002,0.00763905,0.06557157,0.04535261,572977,0.36266607,Hispanic
CA-20,760270,0.36896883,0.60958702,0.46473412,0.53526588,0.04489671,0.39005426,0.00454553,0.07477832,0.04276806,558571,-0.24061819,Minority
CA-21,760586,0.61037914,0.36814693,0.22102642,0.77897358,0.06229354,0.59494401,0.00398256,0.11184848,0.04318285,537343,0.24223221,Hispanic
CA-22,759472,0.57795185,0.39755021,0.38945388,0.61054612,0.05065455,0.48871648,0.00372089,0.0547058,0.03686117,575131,0.18040164,Hispanic
CA-23,759359,0.38182009,0.59505249,0.52626543,0.47373457,0.06016531,0.31846097,0.00688446,0.06413599,0.04586536,580002,-0.2132324,White
CA-24,759968,0.6223133,0.35513632,0.48388201,0.51611799,0.02429023,0.39536811,0.00460706,0.07904141,0.03924891,596042,0.26717698,Minority
CA-25,759987,0.63190273,0.34732214,0.176117,0.823883,0.06076073,0.6246872,0.00887844,0.13876586,0.03373635,583436,0.28458059,Hispanic
CA-26,760824,0.62075804,0.35953703,0.53585878,0.46414122,0.03100418,0.31029908,0.00490336,0.10873659,0.02871225,594694,0.26122101,White
CA-27,760354,0.61017042,0.36554076,0.22393104,0.77606896,0.14321961,0.56615904,0.00527696,0.05961436,0.04416695,558087,0.24462966,Hispanic
CA-28,759425,0.65915444,0.32078245,0.22347966,0.77652034,0.03206587,0.30427917,0.00339445,0.43932344,0.02432471,617479,0.33837199,Asian
CA-29,760082,0.71839476,0.25999542,0.31591421,0.68408579,0.06202472,0.49677233,0.00332371,0.12095957,0.03260073,598729,0.45839934,Hispanic
CA-30,760805,0.71421179,0.26887165,0.63850585,0.36149415,0.04959481,0.14827399,0.00342235,0.15140422,0.01633071,650431,0.44534014,White
CA-31,759880,0.61288424,0.36529876,0.23108351,0.76891649,0.01988775,0.61010013,0.00375074,0.13433115,0.03817727,588151,0.24758548,Hispanic
CA-32,760365,0.60133548,0.3786433,0.42245186,0.57754814,0.05904692,0.33361046,0.00459246,0.17676831,0.0265372,601420,0.22269218,Minority
CA-33,760453,0.63432575,0.3418271,0.18900219,0.81099781,0.11432129,0.61098479,0.00575122,0.08108641,0.03980668,553274,0.29249865,Hispanic
CA-34,760747,0.82537058,0.15293043,0.20099008,0.79900992,0.04183878,0.63833517,0.00306673,0.11695726,0.03967588,605204,0.67244015,Hispanic
CA-35,759961,0.59175451,0.38678535,0.26353991,0.73646009,0.07556874,0.51818003,0.00555874,0.13752533,0.03688499,584845,0.20496916,Hispanic
CA-36,760429,0.71347997,0.26515797,0.55632016,0.44367984,0.05136787,0.1601483,0.00625268,0.21601118,0.01925025,629810,0.448322,White
CA-37,760605,0.81747375,0.160176,0.09606051,0.90393949,0.13455032,0.59414014,0.00300294,0.17580924,0.04364108,594417,0.65729775,Hispanic
CA-38,760086,0.62593967,0.35561309,0.13710551,0.86289449,0.03529739,0.48803654,0.00425276,0.33954899,0.02962374,604549,0.27032658,Hispanic
CA-39,759579,0.62888571,0.34889867,0.21052256,0.78947744,0.09442125,0.6164352,0.0064958,0.07164488,0.03906409,560054,0.27998704,Hispanic
CA-40,760845,0.46505826,0.51569635,0.39824529,0.60175471,0.07769387,0.37367799,0.00866626,0.13701591,0.03304364,568642,-0.05063809,Minority
CA-41,759405,0.57595365,0.40669908,0.41269888,0.58730112,0.06312569,0.45705937,0.00440707,0.05214403,0.03777218,583154,0.16925457,Hispanic
CA-42,760838,0.60985679,0.36880354,0.18604722,0.81395278,0.03633579,0.53705173,0.00731646,0.23363716,0.03516394,592226,0.24105325,Hispanic
CA-43,759264,0.8473994,0.1339975,0.13099486,0.86900514,0.34114808,0.42746211,0.00604183,0.10018119,0.03456102,598825,0.7134019,Hispanic
CA-44,759574,0.76946821,0.20696441,0.08709321,0.91290679,0.16115587,0.65377324,0.00956986,0.09592962,0.03896386,571273,0.5625038,Hispanic
CA-45,759523,0.57551047,0.40430626,0.24376206,0.75623794,0.07387506,0.32487869,0.01098467,0.34771426,0.02705787,596832,0.17120421,Asian
CA-46,760674,0.58478455,0.39345216,0.27874754,0.72125246,0.02220485,0.53616754,0.00564698,0.15509195,0.03997011,584737,0.19133239,Hispanic
CA-47,760423,0.57509055,0.40196269,0.49325593,0.50674407,0.06739881,0.26896307,0.00919852,0.15384615,0.02755523,620100,0.17312786,Minority
CA-48,759962,0.57180417,0.40468255,0.53477376,0.46522624,0.05196081,0.26239154,0.00792564,0.12777599,0.0347614,606765,0.16712162,White
CA-49,759468,0.56511241,0.41483234,0.50911754,0.49088246,0.02662358,0.15616315,0.00491421,0.29505557,0.01625024,605591,0.15028007,White
CA-50,760079,0.5754875,0.40062033,0.60531023,0.39468977,0.03734579,0.2167012,0.00901889,0.1178412,0.02540325,621141,0.17486717,White
CA-51,760536,0.58115596,0.39614345,0.52277656,0.47722344,0.03276158,0.22138429,0.00861457,0.20645658,0.02429011,587029,0.18501251,White
CA-52,760092,0.57804032,0.39937572,0.45498233,0.54501767,0.09752812,0.31136034,0.01080769,0.12152435,0.030912,590968,0.1786646,Minority
CO-01,721689,0.79613935,0.18110119,0.58791082,0.41208918,0.09704478,0.24424493,0.00358642,0.05219916,0.03341135,586657,0.61503816,White
CO-02,721072,0.68417977,0.29011126,0.78657968,0.21342032,0.01619734,0.12369672,0.00248284,0.04608871,0.02348376,586022,0.39406851,White
CO-03,721807,0.44670592,0.52963907,0.70164356,0.29835644,0.01487227,0.22727305,0.00257631,0.01433415,0.04850855,568642,-0.08293315,White
CO-04,722069,0.34819613,0.62450832,0.72969143,0.27030857,0.02224892,0.19250656,0.00284916,0.02586204,0.03230033,541914,-0.27631219,White
CO-05,721519,0.44327923,0.52011458,0.69728532,0.30271468,0.07410767,0.15534264,0.00715742,0.04189927,0.03668179,564449,-0.07683535,White
CO-06,722098,0.51554441,0.45912951,0.75832113,0.24167887,0.0418194,0.10044252,0.00317581,0.0760653,0.02349291,545058,0.0564148999999999,White
CO-07,721975,0.58129397,0.39097501,0.76498476,0.23501524,0.01893944,0.13813405,0.00242511,0.04913707,0.0300259,576469,0.19031896,White
CO-08,721485,0.61498881,0.35658996,0.45801264,0.54198736,0.10478288,0.35679587,0.00483562,0.06033699,0.04062809,540365,0.25839885,Minority
CT-01,720758,0.66185336,0.32212411,0.57123794,0.42876206,0.17695233,0.18065203,0.00159431,0.06892498,0.01495927,573290,0.33972925,White
CT-02,721029,0.54856438,0.43308711,0.80288351,0.19711649,0.05369853,0.08333716,0.0018488,0.04054415,0.01990436,587409,0.11547727,White
CT-03,722095,0.67172483,0.31649077,0.44674673,0.55325327,0.2467041,0.25699658,0.00207717,0.04930417,0.01818714,567599,0.35523406,Minority
CT-04,721776,0.62018916,0.36552787,0.67936607,0.32063393,0.0725625,0.16124643,0.00101071,0.06753214,0.01110536,560000,0.25466129,White
CT-05,720286,0.49912694,0.48479535,0.82741437,0.17258563,0.04397784,0.07231004,0.00094504,0.03716633,0.01357653,580929,0.01433159,White
DE-AL,989948,0.58782167,0.39801393,0.62437671,0.37562329,0.22762886,0.08666531,0.001349,0.04834195,0.01994402,783543,0.18980774,White
FL-01,769572,0.32859008,0.65132379,0.71997717,0.28002283,0.13724982,0.06679952,0.0037943,0.04229988,0.03178636,606172,-0.32273371,White
FL-02,769905,0.43836435,0.54851494,0.6566918,0.3433082,0.22888774,0.06429594,0.00184164,0.02788605,0.02343771,619557,-0.11015059,White
FL-03,769472,0.43292339,0.5548485,0.67700502,0.32299498,0.1504742,0.11403674,0.00160254,0.0395721,0.01991573,624632,-0.12192511,White
FL-04,769907,0.43472312,0.55103781,0.57315615,0.42684385,0.30397758,0.07384991,0.0025862,0.03236118,0.02105205,593149,-0.11631469,White
FL-05,770166,0.42284212,0.56167452,0.65220967,0.34779033,0.14941885,0.10926961,0.00282295,0.07182632,0.01853131,606811,-0.1388324,White
FL-06,769289,0.41047611,0.57772635,0.73876773,0.26123227,0.10090148,0.11617183,0.00163633,0.02483952,0.01977932,634956,-0.16725024,White
FL-07,769926,0.43835172,0.54907271,0.65653529,0.34346471,0.11637348,0.16770836,0.0019607,0.04470204,0.02047825,614066,-0.11072099,White
FL-08,768714,0.46569253,0.51936669,0.61518149,0.38481851,0.10227215,0.21994578,0.00271725,0.05077526,0.02108186,626368,-0.05367416,White
FL-09,769122,0.46754377,0.52070665,0.48602227,0.51397773,0.12161052,0.3502241,0.00240111,0.03881939,0.0199689,602637,-0.05316288,Minority
FL-10,768420,0.67169936,0.31540342,0.33416702,0.66583298,0.27394657,0.32902843,0.00295869,0.05335124,0.0167487,600942,0.35629594,Minority
FL-11,768416,0.44236829,0.54792588,0.63884162,0.36115838,0.11660447,0.17667588,0.00198186,0.04568759,0.0174114,620628,-0.10555759,White
FL-12,768592,0.46227972,0.52512233,0.60659533,0.39340467,0.16828544,0.16349348,0.00192754,0.04983405,0.01927699,613737,-0.06284261,White
FL-13,769919,0.47014621,0.51619828,0.5826636,0.4173364,0.08630982,0.26947237,0.00189828,0.05291933,0.01733802,615295,-0.04605207,White
FL-14,768418,0.44287571,0.54325353,0.57972105,0.42027895,0.145301,0.22705038,0.00205526,0.03853832,0.02218541,594084,-0.10037782,White
FL-15,769169,0.46363463,0.52234856,0.75970099,0.24029901,0.06592744,0.11101925,0.00178254,0.04277467,0.01926911,643465,-0.05871393,White
FL-16,769126,0.46122606,0.52732143,0.73268281,0.26731719,0.11105122,0.10916402,0.00146227,0.0284127,0.016638,640101,-0.06609537,White
FL-17,769498,0.41120302,0.57968044,0.80812044,0.19187956,0.04327666,0.10925539,0.00117586,0.0208822,0.01424069,659940,-0.16847742,White
FL-18,768463,0.40993059,0.57846493,0.60070819,0.39929181,0.14597495,0.22151932,0.00156953,0.01998551,0.02090838,604638,-0.16853434,White
FL-19,769034,0.40155615,0.59052595,0.6714823,0.3285177,0.07574713,0.21851187,0.00110476,0.02201973,0.01285586,635430,-0.1889698,White
FL-20,769811,0.77432314,0.2178237,0.25115098,0.74884902,0.5005541,0.21524664,0.00195223,0.03057103,0.0118795,601877,0.55649944,Black
FL-21,770164,0.43968542,0.55147024,0.66905675,0.33094325,0.13502028,0.15395867,0.00159463,0.02565554,0.01638031,628987,-0.11178482,White
FL-22,769770,0.50697655,0.48424547,0.63258396,0.36741604,0.1216754,0.20040405,0.00138755,0.02887704,0.01521451,638535,0.02273108,White
FL-23,769304,0.58895472,0.4038712,0.54504014,0.45495986,0.14822684,0.23236808,0.00164105,0.04942034,0.01054635,614241,0.18508352,White
FL-24,769269,0.79192308,0.2003505,0.10885665,0.89114335,0.50202603,0.38311967,0.00151932,0.02829477,0.01017742,602903,0.59157258,Black
FL-25,768752,0.52976867,0.46274084,0.39664368,0.60335632,0.07519783,0.4889769,0.00138542,0.03404222,0.01132288,638795,0.0670278300000001,Hispanic
FL-26,769045,0.49253924,0.5005333,0.1762926,0.8237074,0.0970854,0.7012271,0.00109366,0.03743163,0.00764593,619022,-0.00799405999999997,Hispanic
FL-27,768387,0.48192566,0.51070397,0.16639706,0.83360294,0.05717061,0.75072666,0.00087151,0.0302569,0.00802776,629939,-0.02877831,Hispanic
FL-28,768546,0.47510214,0.51708435,0.20899335,0.79100665,0.11858475,0.66317013,0.00099126,0.01994358,0.01228309,608316,-0.04198221,Hispanic
GA-01,764558,0.43066822,0.5564075,0.59551955,0.40448045,0.28952704,0.0704233,0.00290487,0.02911649,0.01925686,590387,-0.12573928,White
GA-02,765068,0.44275806,0.54752111,0.51164833,0.48835167,0.39681665,0.05828613,0.00177652,0.02042992,0.01665782,584290,-0.10476305,White
GA-03,765863,0.40167124,0.58580392,0.60802829,0.39197171,0.2856303,0.05886113,0.00202869,0.03039107,0.02032965,585106,-0.18413268,White
GA-04,766044,0.82400112,0.16576207,0.23656764,0.76343236,0.60760743,0.09616862,0.00135237,0.05830564,0.01685854,585638,0.65823905,Black
GA-05,765795,0.76979413,0.21652628,0.40841954,0.59158046,0.40354625,0.11419138,0.00149972,0.06408026,0.01684387,625450,0.55326785,Minority
GA-06,764832,0.87005915,0.12057149,0.13202121,0.86797879,0.7540836,0.08611557,0.00128171,0.0294741,0.01561465,576574,0.74948766,Black
GA-07,765653,0.41210282,0.57340793,0.57671399,0.42328601,0.13202923,0.16706827,0.00132307,0.10966389,0.02203286,583492,-0.16130511,White
GA-08,764316,0.43160331,0.5590619,0.53927899,0.46072101,0.38020147,0.05156091,0.00107273,0.01813256,0.01571807,587286,-0.12745859,White
GA-09,764730,0.43781838,0.54897507,0.49690458,0.50309542,0.20777498,0.18535131,0.00140661,0.09942041,0.02350877,572297,-0.11115669,Minority
GA-10,764596,0.43095658,0.55760003,0.61323854,0.38676146,0.29028545,0.0540965,0.00126013,0.02533508,0.01797568,595972,-0.12664345,White
GA-11,765417,0.37585867,0.60740613,0.72420777,0.27579223,0.1129447,0.08906916,0.0012576,0.04983627,0.02201389,586039,-0.23154746,White
GA-12,764681,0.43858989,0.54905771,0.55585832,0.44414168,0.35678107,0.04771543,0.00224278,0.02637315,0.01757298,584989,-0.11046782,White
GA-13,765884,0.42508385,0.56138535,0.66199766,0.33800234,0.09618783,0.08787282,0.00116997,0.13536459,0.01680156,582922,-0.1363015,White
GA-14,764471,0.27693134,0.70995733,0.73707212,0.26292788,0.12390313,0.10009451,0.00108652,0.01428172,0.02802191,579832,-0.43302599,White
HI-01,727502,0.63551047,0.34131755,0.31815095,0.68184905,0.02401282,0.09569419,0.28379491,0.4325984,0.03034013,568488,0.29419292,Asian
HI-02,727769,0.63925874,0.34413213,0.1613147,0.8386853,0.03120952,0.06589186,0.1755431,0.68201635,0.01852347,587417,0.29512661,Asian
IA-01,797654,0.48074682,0.49858009,0.84415125,0.15584875,0.04889876,0.057581,0.00171609,0.02865315,0.01635614,618850,-0.01783327,White
IA-02,797263,0.46770209,0.51190883,0.88238909,0.11761091,0.0479242,0.03161814,0.00311657,0.01787408,0.01472832,616703,-0.04420674,White
IA-03,797716,0.53007685,0.4472327,0.80843194,0.19156806,0.05343808,0.0678155,0.00331165,0.05102646,0.01529722,606646,0.0828441500000001,White
IA-04,797736,0.31333445,0.66975347,0.88297165,0.11702835,0.01957875,0.06223187,0.00268957,0.01355477,0.0168316,607904,-0.35641902,White
ID-01,918830,0.32479305,0.64240625,0.7995543,0.2004457,0.0133178,0.12654716,0.00437272,0.02538603,0.0309743,676238,-0.3176132,White
ID-02,920276,0.33638129,0.63582862,0.82948946,0.17051054,0.01005624,0.094441,0.0039548,0.02170212,0.03510473,700162,-0.29944733,White
IL-01,753672,0.66104617,0.32445084,0.408418,0.591582,0.47367097,0.09885036,0.00085898,0.01198754,0.01529505,576265,0.33659533,Black
IL-02,753734,0.64404523,0.34142559,0.39668931,0.60331069,0.48032565,0.10807906,0.00098745,0.00773499,0.01766946,583323,0.30261964,Black
IL-03,753717,0.67367399,0.30848473,0.43956823,0.56043177,0.05912497,0.43411046,0.00166106,0.06763222,0.03219292,594199,0.36518926,Minority
IL-04,753658,0.69844158,0.28402192,0.27939018,0.72060982,0.05720374,0.60831037,0.00121942,0.05392731,0.0475469,568302,0.41441966,Hispanic
IL-05,753634,0.63414739,0.34654619,0.6867059,0.3132941,0.04854938,0.13797332,0.00104311,0.11506112,0.01650497,605878,0.2876012,White
IL-06,753707,0.55942603,0.42223678,0.73311931,0.26688069,0.08013376,0.11084561,0.00090707,0.06458491,0.01315255,590912,0.13718925,White
IL-07,753657,0.86964234,0.11487997,0.33442321,0.66557679,0.45156322,0.10539301,0.00131852,0.10604176,0.0130267,618115,0.75476237,Black
IL-08,753747,0.58208208,0.39865583,0.71850889,0.28149111,0.02577108,0.13570888,0.00119447,0.10557713,0.01607858,577663,0.18342625,White
IL-09,753670,0.61009497,0.37218398,0.63151776,0.36848224,0.07243417,0.13910018,0.00124538,0.14524759,0.01737903,603831,0.23791099,White
IL-10,753588,0.58701994,0.39299679,0.65632767,0.34367233,0.09773122,0.18142865,0.00163799,0.0478902,0.02299204,581810,0.19402315,White
IL-11,753608,0.56183286,0.41601117,0.65841239,0.34158761,0.0593996,0.19740483,0.00100475,0.07127602,0.02056673,570290,0.14582169,White
IL-12,753731,0.26643833,0.7157021,0.88833625,0.11166375,0.04990953,0.02316564,0.00105252,0.01202208,0.02049632,591911,-0.44926377,White
IL-13,753634,0.56331603,0.41303826,0.66033949,0.33966051,0.21556072,0.04580455,0.00140598,0.05751878,0.01962643,593893,0.15027777,White
IL-14,753627,0.57148368,0.40871332,0.61541003,0.38458997,0.10654721,0.16143239,0.0010738,0.10282141,0.01796993,569006,0.16277036,White
IL-15,753640,0.28914488,0.69035422,0.91657786,0.08342214,0.02795793,0.02218467,0.00100309,0.00866073,0.01876774,591174,-0.40120934,White
IL-16,753764,0.60211362,0.37844377,0.67490655,0.32509345,0.03585691,0.17449343,0.00130987,0.10307518,0.02071445,595478,0.22366985,White
IL-17,753720,0.54113937,0.43484212,0.70682937,0.29317063,0.14688153,0.08868627,0.0013704,0.0392003,0.0195976,587419,0.10629725,White
IN-01,753822,0.53425382,0.44956415,0.63150493,0.36849507,0.1894632,0.14360532,0.00091854,0.01835005,0.02105568,580271,0.08468967,White
IN-02,754157,0.38148994,0.60002511,0.78842225,0.21157775,0.07024887,0.09793951,0.00107312,0.01995437,0.02192351,570301,-0.21853517,White
IN-03,754216,0.33897078,0.63959838,0.83199515,0.16800485,0.06581538,0.05384443,0.00113181,0.02750764,0.01864296,563698,-0.3006276,White
IN-04,753732,0.39317773,0.58625212,0.84210262,0.15789738,0.04074254,0.04579358,0.00563418,0.04702835,0.01909138,598490,-0.19307439,White
IN-05,754210,0.5031859,0.47644782,0.7679272,0.2320728,0.10666175,0.0533741,0.00120844,0.05355933,0.01552092,566848,0.0267380799999999,White
IN-06,753981,0.32136838,0.65810704,0.87237784,0.12762216,0.05893766,0.03402737,0.00088608,0.01122703,0.01978055,589114,-0.33673866,White
IN-07,753724,0.6213636,0.36010501,0.52291897,0.47708103,0.29626536,0.11908537,0.0014862,0.04643739,0.02130331,563856,0.26125859,White
IN-08,753899,0.35169471,0.63001145,0.87921661,0.12078339,0.05309923,0.03068628,0.00165398,0.01336077,0.01926833,581628,-0.27831674,White
IN-09,753787,0.26959378,0.71021904,0.90102408,0.09897592,0.01811288,0.03231306,0.00091463,0.02353153,0.0205715,578373,-0.44062526,White
KS-01,734718,0.23636744,0.74380669,0.80842277,0.19157723,0.02441894,0.11904437,0.0019132,0.01237205,0.03551373,556658,-0.50743925,White
KS-02,734185,0.45197693,0.52222258,0.78416787,0.21583213,0.06935499,0.07937439,0.00290407,0.0284931,0.03840827,566102,-0.07024565,White
KS-03,734397,0.55722866,0.42246887,0.70014888,0.29985112,0.09257974,0.12194241,0.00177972,0.06032075,0.0247119,553458,0.13475979,White
KS-04,734580,0.39300081,0.58356198,0.7278005,0.2721995,0.07969474,0.11371403,0.00230339,0.04073781,0.04105602,553098,-0.19056117,White
KY-01,750253,0.28115856,0.70316786,0.86279642,0.13720358,0.07405503,0.02906145,0.00133648,0.01047888,0.02077599,577638,-0.4220093,White
KY-02,751552,0.28657348,0.69703065,0.86065638,0.13934362,0.0623985,0.03296308,0.00236741,0.01857452,0.0211573,575735,-0.41045717,White
KY-03,751130,0.60214249,0.37906088,0.65598692,0.34401308,0.22053577,0.06840397,0.00166781,0.03753083,0.01875101,589995,0.22308161,White
KY-04,750663,0.3338429,0.64816053,0.88274953,0.11725047,0.04118918,0.03403463,0.0015819,0.01715514,0.02013635,569567,-0.31431763,White
KY-05,751297,0.18564971,0.80210719,0.94180183,0.05819817,0.01899812,0.01321126,0.00056007,0.00514483,0.01822972,585637,-0.61645748,White
KY-06,750941,0.46006818,0.5195134,0.80345208,0.19654792,0.09531066,0.05096288,0.00239695,0.02892908,0.01966419,585328,-0.05944522,White
LA-01,776576,0.30269697,0.68053727,0.65009774,0.34990226,0.19358218,0.09958094,0.00106272,0.02864487,0.03087909,597524,-0.3778403,White
LA-02,776265,0.68866999,0.29473026,0.37765825,0.62234175,0.49557213,0.08773275,0.00116944,0.03518052,0.01618743,606273,0.39393973,Black
LA-03,775735,0.23568086,0.74693826,0.72613178,0.27386822,0.18206172,0.04914593,0.00160426,0.02102105,0.02072719,585318,-0.5112574,White
LA-04,776115,0.3489265,0.63608213,0.5970402,0.4029598,0.3215719,0.04056152,0.00128243,0.01537234,0.02536352,596526,-0.28715563,White
LA-05,776858,0.57296857,0.41071622,0.41175749,0.58824251,0.52183685,0.03978557,0.00091109,0.01725868,0.0129167,594889,0.16225235,Black
LA-06,776208,0.24542495,0.73546706,0.74333156,0.25666844,0.1539309,0.05820161,0.00096607,0.02162815,0.01981973,590018,-0.49004211,White
MA-01,781497,0.6335608,0.34318504,0.72347799,0.27652201,0.07605048,0.15208829,0.00177064,0.03996994,0.01715258,631975,0.29037576,White
MA-02,781157,0.62857664,0.34465132,0.71391076,0.28608924,0.06879073,0.1162725,0.001318,0.0678099,0.01466252,619880,0.28392532,White
MA-03,780230,0.6320188,0.34559142,0.69322437,0.30677563,0.06679892,0.08022156,0.00110172,0.12609109,0.00925473,623573,0.28642738,White
MA-04,781991,0.6405692,0.33866401,0.72459267,0.27540733,0.1171633,0.06722857,0.0012667,0.05942048,0.01147121,620510,0.30190519,White
MA-05,780918,0.66371553,0.31302955,0.74444744,0.25555256,0.06711761,0.06938435,0.00131965,0.09858423,0.01018779,638804,0.35068598,White
MA-06,781210,0.63934062,0.33865219,0.69675348,0.30324652,0.06024491,0.20294258,0.00146789,0.04027452,0.01364843,617214,0.30068843,White
MA-07,780786,0.7914881,0.19032037,0.47693837,0.52306163,0.21149262,0.19975547,0.00183321,0.11344272,0.01352127,651862,0.60116773,Minority
MA-08,781124,0.67918801,0.29633071,0.77719373,0.22280627,0.0362066,0.06343225,0.00104061,0.09013113,0.01031727,618865,0.3828573,White
MA-09,781004,0.62133616,0.35712415,0.79535598,0.20464402,0.06384001,0.03513977,0.00122925,0.07451329,0.01089948,641040,0.26421201,White
MD-01,771487,0.41489133,0.55948663,0.74548719,0.25451281,0.15856709,0.04530253,0.00151744,0.03091652,0.01932344,607604,-0.1445953,White
MD-02,771491,0.60302952,0.36902042,0.5988395,0.4011605,0.27174904,0.04846188,0.00120404,0.06926377,0.01453263,606291,0.2340091,White
MD-03,772487,0.61900309,0.35181462,0.58819066,0.41180934,0.21981801,0.08658863,0.00214219,0.0905263,0.0200401,597053,0.26718847,White
MD-04,772454,0.87702235,0.10092459,0.177855,0.822145,0.52532197,0.22814942,0.0016456,0.07342477,0.02553018,597959,0.77609776,Black
MD-05,772235,0.70262294,0.27633363,0.36914757,0.63085243,0.51439864,0.07149539,0.00205981,0.03573517,0.02237896,598598,0.42628931,Black
MD-06,771489,0.53763404,0.43653857,0.64400334,0.35599666,0.13343453,0.10688574,0.00158465,0.10089908,0.01892244,599500,0.10109547,White
MD-07,772525,0.78213387,0.19696552,0.36283519,0.63716481,0.50931964,0.07079627,0.00123238,0.04745794,0.01893022,611826,0.58516835,Black
MD-08,771235,0.76637723,0.2086292,0.50095327,0.49904673,0.14587061,0.16272086,0.00167178,0.1792676,0.01597663,596371,0.55774803,White
ME-01,681292,0.59166657,0.37942439,0.90388975,0.09611025,0.02952566,0.01855749,0.00105939,0.02069255,0.01810553,553146,0.21224218,White
ME-02,681067,0.46697628,0.5045038,0.92922385,0.07077615,0.01010524,0.01327075,0.00100909,0.01178765,0.02655587,556939,-0.0375275199999999,White
MI-01,775197,0.39735928,0.58713586,0.9066552,0.0933448,0.01441316,0.01641662,0.00105312,0.00857042,0.04540265,632408,-0.18977658,White
MI-02,775012,0.34340746,0.63938491,0.89497184,0.10502816,0.02580527,0.03772935,0.00079802,0.00844512,0.02527436,606504,-0.29597745,White
MI-03,775810,0.53483325,0.44573002,0.73902287,0.26097713,0.11771019,0.08821661,0.00114009,0.0349951,0.02141431,598198,0.08910323,White
MI-04,775449,0.47104436,0.51057859,0.78449618,0.21550382,0.08967443,0.07044011,0.00108287,0.02932819,0.02337747,594718,-0.0395342300000001,White
MI-05,775117,0.37101619,0.6116429,0.86584144,0.13415856,0.04886763,0.0413361,0.00077623,0.01223998,0.02484912,606782,-0.24062671,White
MI-06,775498,0.61330798,0.3732341,0.74072037,0.25927963,0.09379455,0.0454305,0.0011789,0.09657489,0.01885922,620068,0.24007388,White
MI-07,775630,0.49388334,0.48881912,0.82309515,0.17690485,0.06739085,0.04733865,0.00117964,0.03544614,0.02209539,613748,0.00506422000000001,White
MI-08,775257,0.50249627,0.48237006,0.76241228,0.23758772,0.15150801,0.04434984,0.00081451,0.01484099,0.02309166,606496,0.02012621,White
MI-09,774772,0.33997786,0.64633871,0.89365646,0.10634354,0.02978105,0.03000271,0.00060751,0.01878022,0.01966686,609045,-0.30636085,White
MI-10,775309,0.54419992,0.44165243,0.75833949,0.24166051,0.13344932,0.02499255,0.00087864,0.06096886,0.01741649,627107,0.10254749,White
MI-11,774475,0.54470599,0.44236088,0.70861672,0.29138328,0.1139105,0.04792504,0.0007963,0.11047889,0.01450805,612832,0.10234511,White
MI-12,774712,0.72846363,0.25981814,0.41564026,0.58435974,0.51795683,0.02852093,0.0009315,0.02250734,0.01912696,607624,0.46864549,Black
MI-13,775089,0.77720713,0.21169277,0.42322863,0.57677137,0.44135942,0.08611567,0.00109141,0.0386879,0.01720863,579070,0.56551436,Black
MN-01,713728,0.45233511,0.52358893,0.85833926,0.14166074,0.03650627,0.05328315,0.00147898,0.03213648,0.01395321,551056,-0.07125382,White
MN-02,713520,0.53645938,0.43943755,0.7820432,0.2179568,0.06581308,0.06083759,0.00141889,0.0687766,0.01764788,532812,0.09702183,White
MN-03,713087,0.60601455,0.37090548,0.79990835,0.20009165,0.06644025,0.0402257,0.00115008,0.07314842,0.01519718,556485,0.23510907,White
MN-04,713412,0.66136541,0.31509319,0.69057562,0.30942438,0.1060531,0.06110086,0.00163337,0.12143221,0.02092169,551007,0.34627222,White
MN-05,713147,0.79602283,0.18021948,0.61083387,0.38916613,0.19031661,0.08913211,0.0016038,0.08634629,0.02832606,564286,0.61580335,White
MN-06,713726,0.3926275,0.58296719,0.86980435,0.13019565,0.04286312,0.03038731,0.00110492,0.03388182,0.01591356,528543,-0.19033969,White
MN-07,712988,0.32585117,0.65358842,0.8975891,0.1024109,0.01728688,0.04895499,0.00165775,0.01290359,0.0192589,544112,-0.32773725,White
MN-08,712883,0.42614984,0.55182903,0.89334242,0.10665758,0.01558685,0.01416727,0.00105042,0.01053628,0.05777479,560729,-0.12567919,White
MO-01,769121,0.41904129,0.56535012,0.80770985,0.19229015,0.10581766,0.03046142,0.00101713,0.02601393,0.02366469,609558,-0.14630883,White
MO-02,769444,0.4305522,0.55458145,0.74790276,0.25209724,0.16573935,0.02601675,0.00141255,0.02697117,0.0276152,602458,-0.12402925,White
MO-03,769186,0.41486149,0.5662989,0.76232638,0.23767362,0.13800447,0.03780207,0.00227554,0.02473744,0.03173006,596343,-0.15143741,White
MO-04,768771,0.40768566,0.57474257,0.81176422,0.18823578,0.08069941,0.02983349,0.00129471,0.04886879,0.02238221,599360,-0.16705691,White
MO-05,769690,0.41928316,0.56307868,0.7257034,0.2742966,0.15330372,0.0577163,0.00408236,0.01788471,0.04084378,594754,-0.14379552,White
MO-06,769198,0.41464919,0.56778382,0.7789488,0.2210512,0.14454864,0.02671831,0.00113988,0.0218836,0.02212313,588660,-0.15313463,White
MO-07,769201,0.40517692,0.57460049,0.77007161,0.22992839,0.09052478,0.07901858,0.00439247,0.02202534,0.03320649,587596,-0.16942357,White
MO-08,770302,0.40239731,0.57845899,0.83253669,0.16746331,0.06320837,0.04359481,0.00342111,0.02830706,0.02601012,596883,-0.17606168,White
MS-01,740089,0.32411354,0.66172273,0.67736545,0.32263455,0.26363911,0.03077115,0.00081443,0.01187597,0.01574628,569722,-0.33760919,White
MS-02,740351,0.63189906,0.35571464,0.34422769,0.65577231,0.61935469,0.02134133,0.0006134,0.00936698,0.0093897,572223,0.27618442,Black
MS-03,740096,0.38260179,0.60508851,0.60428533,0.39571467,0.33853589,0.02318606,0.00078901,0.01355235,0.02104446,567798,-0.22248672,White
MS-04,740743,0.29749441,0.68761027,0.68583232,0.31416768,0.22232749,0.04530902,0.00167472,0.02270998,0.02251979,567856,-0.39011586,White
MT-01,542200,0.47658545,0.49675185,0.88142474,0.11857526,0.00978689,0.03817188,0.00225585,0.01613696,0.04355318,433539,-0.0201664,White
MT-02,542025,0.32750688,0.64875872,0.82917491,0.17082509,0.00767912,0.03206796,0.00237647,0.01094377,0.1134273,416584,-0.32125184,White
NC-01,746370,0.45473553,0.53421182,0.60047667,0.39952333,0.31902642,0.04763053,0.00167657,0.01306582,0.02268639,597054,-0.07947629,White
NC-02,746231,0.66395638,0.3164957,0.57468685,0.42531315,0.23956654,0.1098479,0.00141897,0.06389993,0.01862122,584226,0.34746068,White
NC-03,746511,0.44454783,0.54066628,0.58067201,0.41932799,0.28271364,0.09719709,0.0031801,0.02243023,0.02253058,577970,-0.0961184500000001,White
NC-04,746091,0.72488935,0.25878266,0.55545548,0.44454452,0.21444412,0.09809431,0.00131529,0.11825218,0.01833389,574019,0.46610669,White
NC-05,745529,0.41863398,0.56734855,0.72606697,0.27393303,0.14895558,0.08835668,0.00123964,0.01893357,0.02142972,592915,-0.14871457,White
NC-06,745487,0.43123582,0.55443058,0.65965765,0.34034235,0.20712114,0.07889268,0.00112065,0.03569242,0.0221545,588052,-0.12319476,White
NC-07,745379,0.44074574,0.54677491,0.62494727,0.37505273,0.20643462,0.06589909,0.00174613,0.01425808,0.09220024,595031,-0.10602917,White
NC-08,746436,0.42942824,0.55533683,0.60809792,0.39190208,0.24403643,0.0896313,0.00376516,0.03581678,0.02969486,565182,-0.12590859,White
NC-09,744862,0.42535049,0.56206399,0.63137378,0.36862622,0.22978203,0.09761739,0.00105621,0.02379845,0.02380018,578483,-0.1367135,White
NC-10,745345,0.43115993,0.55323878,0.72034845,0.27965155,0.11975678,0.08074116,0.00123867,0.06017352,0.01965141,567542,-0.12207885,White
NC-11,745135,0.36918288,0.61715026,0.77276266,0.22723734,0.11931562,0.06745874,0.00175474,0.01801592,0.0215271,586981,-0.24796738,White
NC-12,745245,0.75449753,0.22805053,0.3528409,0.6471591,0.41059598,0.16343654,0.0015145,0.0669925,0.02078637,578408,0.526447,Black
NC-13,745786,0.40632351,0.57820175,0.65089498,0.34910502,0.20746496,0.10585349,0.00161271,0.01525423,0.02517888,563647,-0.17187824,White
NC-14,744981,0.42239643,0.56283125,0.83940263,0.16059737,0.04935195,0.05692475,0.00148285,0.01592995,0.03672127,605589,-0.14043482,White
ND-AL,779094,0.31777451,0.65120268,0.84408473,0.15591527,0.03597425,0.03624099,0.0022832,0.02213077,0.05876768,596093,-0.33342817,White
NE-01,653675,0.53944961,0.43972894,0.69935425,0.30064575,0.1109204,0.11727746,0.00219831,0.0512953,0.02429626,487647,0.09972067,White
NE-02,654390,0.43486037,0.54180622,0.82772271,0.17227729,0.03562582,0.07279214,0.00165805,0.03540894,0.02562481,493350,-0.10694585,White
NE-03,653439,0.2136878,0.76657532,0.84797932,0.15202068,0.01410943,0.10541676,0.0014885,0.00981762,0.02256781,495130,-0.55288752,White
NH-01,688457,0.53252151,0.45197012,0.85981788,0.14018212,0.02531041,0.05144487,0.00117055,0.04132825,0.01445412,557004,0.0805513900000001,White
NH-02,689072,0.52488526,0.45772294,0.9168902,0.0831098,0.0136142,0.019772,0.0009988,0.01916349,0.0199636,563676,0.06716232,White
NJ-01,773531,0.61155331,0.37489844,0.63280786,0.36719214,0.17829105,0.1251563,0.00161356,0.0589124,0.0162434,603014,0.23665487,White
NJ-02,773583,0.4602063,0.52658462,0.67943803,0.32056197,0.12187478,0.14731297,0.00164868,0.04176661,0.01932676,618676,-0.0663783199999999,White
NJ-03,773339,0.624169,0.36222798,0.59021953,0.40978047,0.20478239,0.12546789,0.0017029,0.07234883,0.01600562,616596,0.26194102,White
NJ-04,774058,0.38232713,0.60545677,0.80475363,0.19524637,0.03951228,0.09639227,0.0008263,0.0461466,0.01134629,585742,-0.22312964,White
NJ-05,773645,0.52098411,0.46621663,0.67783611,0.32216389,0.04106335,0.11490323,0.00121207,0.16042609,0.00889777,612176,0.05476748,White
NJ-06,774433,0.55367751,0.43329129,0.5404483,0.4595517,0.10506727,0.18525384,0.00139389,0.16278301,0.01294097,611237,0.12038622,White
NJ-07,772998,0.54076174,0.44344179,0.67681312,0.32318688,0.09790352,0.14592623,0.00108901,0.06964386,0.01238526,603298,0.09731995,White
NJ-08,773292,0.69242846,0.29746879,0.26941094,0.73058906,0.11773385,0.5109202,0.00219588,0.10399601,0.02269901,607956,0.39495967,Hispanic
NJ-09,773780,0.62888868,0.36096487,0.36403386,0.63596614,0.13945578,0.41047526,0.00159241,0.10234731,0.02003338,600348,0.26792381,Hispanic
NJ-10,772982,0.83663065,0.15548755,0.17151197,0.82848803,0.50372297,0.21305121,0.00209588,0.11660756,0.01509929,602611,0.6811431,Black
NJ-11,772940,0.5763899,0.41068091,0.65710691,0.34289309,0.08254496,0.13414953,0.00107218,0.11934945,0.0103913,608105,0.16570899,White
NJ-12,774435,0.62049939,0.36578034,0.47460964,0.52539036,0.11124011,0.15852153,0.00133758,0.25122026,0.01196303,611551,0.25471905,Minority
NM-01,706028,0.54522948,0.43191402,0.47776208,0.52223792,0.034578,0.40666627,0.00262761,0.03527654,0.06103138,558303,0.11331546,Minority
NM-02,705447,0.53590097,0.44229423,0.34059666,0.65940334,0.02969534,0.56774733,0.00265001,0.02094325,0.06247243,537357,0.09360674,Hispanic
NM-03,706047,0.54666032,0.43164066,0.39442769,0.60557231,0.02054004,0.3582323,0.00241658,0.01890751,0.2223938,543329,0.11501966,Minority
NV-01,776755,0.5281154,0.45152149,0.42581503,0.57418497,0.11468813,0.34113974,0.01484923,0.10072598,0.0298616,588448,0.07659391,Minority
NV-02,776598,0.43039381,0.54085326,0.66780569,0.33219431,0.02810543,0.19774725,0.00895572,0.05956087,0.04507304,611341,-0.11045945,White
NV-03,775576,0.53663088,0.44431025,0.44205737,0.55794263,0.1233713,0.21393178,0.01828948,0.20294188,0.02364337,616748,0.09232063,Minority
NV-04,775685,0.52143325,0.456896,0.45943541,0.54056459,0.17103365,0.26109731,0.01563031,0.08793393,0.0307814,596789,0.0645372499999999,Minority
NY-01,777257,0.4697476,0.51587145,0.73315115,0.26684885,0.06260102,0.14749043,0.00099156,0.0476668,0.01449371,624271,-0.04612385,White
NY-02,776930,0.47973098,0.50678884,0.59916757,0.40083243,0.10115831,0.23161454,0.00106292,0.06646602,0.01586733,614344,-0.02705786,White
NY-03,776631,0.56208066,0.42472319,0.59336266,0.40663734,0.04839891,0.12739163,0.00111978,0.22478807,0.00875169,619766,0.13735747,White
NY-04,776680,0.56668412,0.4202222,0.52836604,0.47163396,0.18957675,0.2030386,0.0013324,0.07849353,0.01275955,609426,0.14646192,White
NY-05,776861,0.81342082,0.17911408,0.11924955,0.88075045,0.47566856,0.1880942,0.00494194,0.19114476,0.02754273,615952,0.63430674,Black
NY-06,776388,0.63877506,0.34998392,0.26118569,0.73881431,0.05773315,0.22952476,0.00183978,0.45368941,0.01502566,634315,0.28879114,Asian
NY-07,777321,0.78456468,0.2018311,0.393095,0.606905,0.11792454,0.35127072,0.00290576,0.14745167,0.02467362,630471,0.58273358,Minority
NY-08,776792,0.80220609,0.18845905,0.27872282,0.72127718,0.50050525,0.15652604,0.00226595,0.09085224,0.01443373,620491,0.61374704,Black
NY-09,776540,0.78366085,0.20689043,0.29835681,0.70164319,0.50060999,0.11648153,0.00168199,0.10077309,0.0126437,608208,0.57677042,Black
NY-10,777265,0.79145276,0.19516962,0.46271606,0.53728394,0.0734993,0.19257628,0.00273987,0.2718746,0.01623725,613897,0.59628314,Minority
NY-11,777314,0.4561681,0.53160193,0.54829046,0.45170954,0.08257747,0.16453688,0.00156391,0.20830357,0.01449594,613206,-0.07543383,White
NY-12,777294,0.84706556,0.13808819,0.67419774,0.32580226,0.05827653,0.10191505,0.00333192,0.15873405,0.00793043,686091,0.70897737,White
NY-13,776985,0.88730589,0.10166009,0.22010712,0.77989288,0.32304474,0.45341913,0.00307936,0.07071562,0.02724547,637794,0.7856458,Hispanic
NY-14,776213,0.76243596,0.22800041,0.15969477,0.84030523,0.21322198,0.54899132,0.00319809,0.12415472,0.03431705,600984,0.53443555,Hispanic
NY-15,776792,0.85392421,0.1374161,0.09120956,0.90879044,0.42299923,0.52926807,0.00396216,0.04064698,0.02777929,589072,0.71650811,Hispanic
NY-16,777544,0.71754694,0.27241015,0.41526757,0.58473243,0.25315878,0.27067929,0.00166525,0.0735789,0.01760781,607117,0.44513679,Minority
NY-17,776869,0.54417547,0.44277263,0.65821536,0.34178464,0.09343325,0.18368892,0.0011777,0.06009182,0.01295984,585038,0.10140284,White
NY-18,777256,0.53015871,0.45297117,0.66166479,0.33833521,0.12454729,0.16205142,0.0013664,0.03862765,0.01999042,605240,0.0771875400000001,White
NY-19,777289,0.52145735,0.45641648,0.8174838,0.1825162,0.05524647,0.05810912,0.00135119,0.04425626,0.0199348,636475,0.06504087,White
NY-20,776404,0.5842508,0.39262269,0.75470012,0.24529988,0.10475248,0.05388451,0.00160594,0.06349931,0.01882291,624558,0.19162811,White
NY-21,776946,0.41455493,0.56496789,0.88730081,0.11269919,0.03271182,0.03361314,0.00109216,0.01146526,0.02690623,623536,-0.15041296,White
NY-22,777331,0.54718614,0.43019838,0.78760012,0.21239988,0.10033461,0.04850807,0.00120082,0.04280257,0.02003252,616248,0.11698776,White
NY-23,776864,0.39654979,0.58254982,0.89956719,0.10043281,0.02795072,0.02927847,0.00088732,0.01408385,0.02191432,617587,-0.18600003,White
NY-24,777088,0.37922453,0.59751619,0.88625734,0.11374266,0.03642122,0.03592284,0.00134905,0.01185577,0.02154266,615987,-0.21829166,White
NY-25,777280,0.5904015,0.38429726,0.70759436,0.29240564,0.15485003,0.07904379,0.00124235,0.04925152,0.01457707,618986,0.20610424,White
NY-26,777042,0.61628035,0.36550936,0.68539175,0.31460825,0.18378197,0.06055148,0.00104519,0.05925913,0.01614954,619027,0.25077099,White
OH-01,786133,0.43727414,0.54768451,0.75409125,0.24590875,0.1754996,0.02685661,0.00157798,0.02446356,0.01636175,613443,-0.11041037,White
OH-02,787352,0.43306391,0.55201634,0.77479921,0.22520079,0.13921711,0.0417769,0.0011749,0.02161398,0.02258953,611965,-0.11895243,White
OH-03,787067,0.45558126,0.53006995,0.75296768,0.24703232,0.17142508,0.03346028,0.00092647,0.02105449,0.0210644,605524,-0.07448869,White
OH-04,786760,0.43456488,0.54939521,0.84568477,0.15431523,0.04094972,0.0281035,0.00103591,0.06426257,0.01626008,604302,-0.11483033,White
OH-05,786725,0.41842542,0.56530936,0.842288,0.157712,0.05643722,0.06573736,0.000902,0.01500361,0.01940672,617518,-0.14688394,White
OH-06,786754,0.42249871,0.5639919,0.81919619,0.18080381,0.11380634,0.02632761,0.00088265,0.0190165,0.01833157,632188,-0.14149319,White
OH-07,787512,0.43455395,0.55330804,0.88856771,0.11143229,0.03168942,0.03077862,0.00082931,0.02916794,0.01432032,625824,-0.11875409,White
OH-08,786575,0.41385857,0.57175672,0.81338478,0.18661522,0.10959975,0.02483705,0.00125546,0.02833122,0.01991748,606151,-0.15789815,White
OH-09,786633,0.42374699,0.55978588,0.77941705,0.22058295,0.13121043,0.05400747,0.00085854,0.01540104,0.01894233,606842,-0.13603889,White
OH-10,786307,0.41370436,0.57163988,0.73101711,0.26898289,0.16246221,0.03911869,0.00157018,0.04597418,0.02025646,596748,-0.15793552,White
OH-11,786051,0.79054024,0.19895358,0.43599494,0.56400506,0.44957933,0.06873014,0.00127183,0.03962302,0.01482885,621154,0.59158666,Black
OH-12,787011,0.43611902,0.54840307,0.79346138,0.20653862,0.11682339,0.02889275,0.00110435,0.03852755,0.01914985,601258,-0.11228405,White
OH-13,786446,0.45559663,0.53012956,0.83824128,0.16175872,0.09201657,0.01971439,0.00078362,0.02437749,0.01974335,621475,-0.07453293,White
OH-14,785874,0.42719703,0.55958009,0.87656611,0.12343389,0.05753215,0.02549064,0.00078445,0.01616317,0.01725471,628466,-0.13238306,White
OH-15,786248,0.42689371,0.55569294,0.81189808,0.18810192,0.08963989,0.03373006,0.00148201,0.04022586,0.02132083,614704,-0.12879923,White
OK-01,792578,0.37709784,0.59725904,0.62933704,0.37066296,0.10224115,0.11182865,0.00226001,0.03709985,0.12853001,599113,-0.2201612,White
OK-02,791964,0.22678293,0.75514142,0.65005213,0.34994787,0.04443699,0.04418705,0.00178248,0.00975759,0.25634474,608142,-0.52835849,White
OK-03,791656,0.34849522,0.62676617,0.62255465,0.37744535,0.08310981,0.18407484,0.00484867,0.03249368,0.08540389,595008,-0.27827095,White
OK-04,791637,0.30479124,0.67205006,0.69668795,0.30331205,0.07232959,0.08641733,0.00341716,0.03207774,0.11567521,606059,-0.36725882,White
OK-05,791518,0.35797047,0.61656421,0.66208979,0.33791021,0.12839821,0.06615635,0.00265117,0.03386423,0.11516395,602376,-0.25859374,White
OR-01,706185,0.59575058,0.36889424,0.68648133,0.31351867,0.02565592,0.14121371,0.00864755,0.10768153,0.03459928,551023,0.22685634,White
OR-02,705713,0.36090392,0.61026124,0.78676256,0.21323744,0.01192105,0.11880341,0.00573724,0.01887784,0.05422133,557585,-0.24935732,White
OR-03,706244,0.82377555,0.14791036,0.69068007,0.30931993,0.06847823,0.10123391,0.00970494,0.10115674,0.03360458,583105,0.67586519,White
OR-04,706761,0.55301535,0.41396303,0.80626616,0.19373384,0.0164612,0.07952282,0.00620615,0.0423532,0.04615897,579909,0.13905232,White
OR-05,705893,0.55858244,0.4092125,0.7552255,0.2447745,0.02288027,0.11840158,0.00810055,0.0643585,0.03312289,549469,0.14936994,White
OR-06,706460,0.47697914,0.48988395,0.77161225,0.22838775,0.01387107,0.13671822,0.00881795,0.02732181,0.04161503,549561,-0.01290481,White
PA-01,765100,0.52466256,0.46483346,0.82201451,0.17798549,0.046724,0.04974068,0.00087809,0.06632583,0.0107865,609280,0.0598291,White
PA-02,764873,0.70968612,0.28296993,0.4151437,0.5848563,0.26086076,0.2213473,0.00230069,0.10572033,0.01425651,592431,0.42671619,Minority
PA-03,764957,0.90857757,0.08536428,0.33841442,0.66158558,0.52712343,0.05282999,0.00154263,0.08016436,0.01378658,628147,0.82321329,Black
PA-04,764163,0.58277761,0.406114,0.76222236,0.23777764,0.1027728,0.06045,0.00094829,0.06327495,0.01163362,602134,0.17666361,White
PA-05,764763,0.65152023,0.33985021,0.65218795,0.34781205,0.21660028,0.04223173,0.001089,0.07973275,0.01027606,597797,0.31167002,White
PA-06,765520,0.56559846,0.42245391,0.72769896,0.27230104,0.0732751,0.13983848,0.00137088,0.0525386,0.01465842,588672,0.14314455,White
PA-07,764834,0.49715864,0.49092858,0.72670717,0.27329283,0.07306616,0.16170238,0.00120265,0.0358336,0.01393355,606163,0.00623005999999998,White
PA-08,764579,0.48140245,0.50841168,0.78195577,0.21804423,0.07693308,0.10876533,0.00121407,0.02440971,0.01411209,615288,-0.0270092300000001,White
PA-09,764966,0.3089976,0.67642159,0.89580631,0.10419369,0.02923462,0.04633032,0.00100871,0.01173773,0.01373387,610680,-0.36742399,White
PA-10,765207,0.47342854,0.51205818,0.7472186,0.2527814,0.11484698,0.07877359,0.00132337,0.0492256,0.01450217,601496,-0.03862964,White
PA-11,765544,0.38436358,0.60059471,0.84217345,0.15782655,0.04529431,0.07755014,0.00095268,0.02482361,0.01307902,592017,-0.21623113,White
PA-12,765164,0.30514173,0.68122199,0.90751196,0.09248804,0.02625112,0.02068236,0.00105107,0.02483523,0.01367681,622221,-0.37608026,White
PA-13,764657,0.25560572,0.73246363,0.91636146,0.08363854,0.02671778,0.0284218,0.00075023,0.00929664,0.0143135,609145,-0.47685791,White
PA-14,764502,0.39267966,0.59425942,0.89100981,0.10899019,0.0485498,0.02096148,0.00070861,0.01624724,0.01455116,609642,-0.20157976,White
PA-15,764209,0.34452703,0.6448621,0.91667459,0.08332541,0.03755144,0.01348624,0.00079084,0.01029387,0.01298049,620855,-0.30033507,White
PA-16,765098,0.53008578,0.45770183,0.83488853,0.16511147,0.09274108,0.02029937,0.00082663,0.03411377,0.01251449,616965,0.07238395,White
PA-17,764564,0.59556538,0.39302969,0.76186738,0.23813262,0.14641104,0.02423983,0.00090864,0.05221569,0.01239584,630615,0.20253569,White
RI-01,549309,0.59172884,0.38856212,0.75648115,0.24351885,0.07611535,0.10802738,0.00175269,0.03808124,0.01592235,445600,0.20316672,White
RI-02,548070,0.59608831,0.38363727,0.69083969,0.30916031,0.08246492,0.17613588,0.0019774,0.04519745,0.02161115,441994,0.21245104,White
SC-01,730966,0.44688522,0.53662033,0.66297238,0.33702762,0.21443753,0.07573345,0.00194301,0.02500658,0.02108198,570250,-0.08973511,White
SC-02,730929,0.4355014,0.5484061,0.64337285,0.35662715,0.25808848,0.05435535,0.0014524,0.02700335,0.01895473,570781,-0.1129047,White
SC-03,731435,0.38049859,0.60314415,0.68280516,0.31719484,0.2073417,0.07128456,0.00128053,0.0197441,0.02002346,576324,-0.22264556,White
SC-04,730762,0.44362123,0.54284716,0.61121313,0.38878687,0.28950133,0.05850123,0.00149447,0.02472049,0.01902281,567424,-0.09922593,White
SC-05,731366,0.44187468,0.54529339,0.61100317,0.38899683,0.3066755,0.04098573,0.00099099,0.02102921,0.02171651,563074,-0.10341871,White
SC-06,731805,0.4438999,0.54258296,0.60141064,0.39858936,0.31686298,0.04550816,0.00140364,0.01772057,0.02073613,571370,-0.0986830599999999,White
SC-07,731162,0.44433767,0.54220916,0.72355717,0.27644283,0.18071457,0.05637082,0.00161784,0.0198022,0.01760307,595237,-0.09787149,White
SD-AL,886667,0.35605252,0.6176939,0.83089555,0.16910445,0.02234724,0.03564411,0.00154351,0.01853703,0.09057534,669255,-0.26164138,White
TN-01,767331,0.2347581,0.74744222,0.89792537,0.10207463,0.02804655,0.03334364,0.00083238,0.01129052,0.02517858,617509,-0.51268412,White
TN-02,767458,0.34578252,0.63636522,0.83815499,0.16184501,0.06586445,0.0451156,0.00145508,0.02286878,0.0253236,606154,-0.2905827,White
TN-03,767928,0.32083425,0.66086499,0.801615,0.198385,0.10069139,0.0506048,0.00106923,0.0180277,0.02762618,609784,-0.34003074,White
TN-04,768122,0.42382212,0.55107593,0.69819208,0.30180792,0.15171278,0.09394633,0.00130103,0.03589296,0.02280185,606442,-0.12725381,White
TN-05,767992,0.41770941,0.56254053,0.75951152,0.24048848,0.10296518,0.06846857,0.00135519,0.04759732,0.0196767,585159,-0.14483112,White
TN-06,767280,0.41641654,0.56158773,0.70483044,0.29516956,0.17654072,0.07232911,0.00289747,0.0212624,0.02532981,584647,-0.14517119,White
TN-07,768849,0.40054446,0.58410611,0.64191225,0.35808775,0.25903488,0.05234858,0.00110195,0.02765435,0.01864799,587141,-0.18356165,White
TN-08,768579,0.41678128,0.5668472,0.6318195,0.3681805,0.25988735,0.06744705,0.00105357,0.0207067,0.02125037,592272,-0.15006592,White
TN-09,767301,0.40473257,0.58015427,0.6314261,0.3685739,0.31007869,0.02840946,0.00109177,0.01009801,0.01953591,595365,-0.1754217,White
TX-01,767092,0.32229525,0.66574882,0.5875388,0.4124612,0.16591749,0.19723016,0.00139248,0.0254526,0.03010563,582416,-0.34345357,White
TX-02,766911,0.44361448,0.54405406,0.41487076,0.58512924,0.25105122,0.29303064,0.00299358,0.02581269,0.02780841,562204,-0.10043958,Minority
TX-03,766219,0.43243437,0.55001751,0.5702391,0.4297609,0.13344733,0.1699814,0.00187513,0.10130003,0.03011046,581293,-0.11758314,White
TX-04,767870,0.43468938,0.54859844,0.58250795,0.41749205,0.10178576,0.11503785,0.00194991,0.17414336,0.02712452,573872,-0.11390906,White
TX-05,766915,0.47271718,0.51056991,0.37387801,0.62612199,0.18294401,0.32267149,0.00165975,0.11109898,0.0247495,586234,-0.0378527299999999,Minority
TX-06,767463,0.39441309,0.59132997,0.44349524,0.55650476,0.13767215,0.33535209,0.00258437,0.06773421,0.03010884,562227,-0.19691688,Minority
TX-07,767143,0.46580827,0.52059979,0.38588147,0.61411853,0.14726231,0.22601588,0.00142433,0.23113563,0.0173362,560965,-0.05479152,Minority
TX-08,766600,0.45968996,0.52655032,0.35939598,0.64060402,0.16755695,0.42462937,0.00219703,0.03623783,0.03042495,566673,-0.06686036,Hispanic
TX-09,766431,0.44755646,0.53708107,0.46787354,0.53212646,0.12682398,0.3136207,0.00216786,0.07707261,0.02567756,576145,-0.0895246100000001,Minority
TX-10,767184,0.43161213,0.54822263,0.65595465,0.34404535,0.05533311,0.17546434,0.00256438,0.08902128,0.02745891,577918,-0.1166105,White
TX-11,767127,0.42848102,0.55415619,0.55819887,0.44180113,0.04700235,0.33661366,0.0059118,0.03878149,0.02733414,582056,-0.12567517,White
TX-12,767744,0.43701165,0.54644323,0.53740265,0.46259735,0.14222188,0.23651277,0.00348187,0.0613429,0.03046417,574117,-0.10943158,White
TX-13,767789,0.26398288,0.71961318,0.60915741,0.39084259,0.07564679,0.25784198,0.00175073,0.02956252,0.03482666,585471,-0.4556303,White
TX-14,767696,0.47000029,0.51596363,0.44532841,0.55467159,0.252262,0.23556449,0.00153266,0.0532559,0.02311368,581344,-0.04596334,Minority
TX-15,766528,0.49070493,0.49794942,0.19705671,0.80294329,0.02638329,0.76111687,0.00077008,0.00968743,0.01715502,553191,-0.00724448999999999,Hispanic
TX-16,766849,0.67091969,0.31367398,0.12916271,0.87083729,0.04134601,0.80813215,0.003029,0.02109544,0.02492072,576428,0.35724571,Hispanic
TX-17,766739,0.44022325,0.53964888,0.56155719,0.43844281,0.11439486,0.25059372,0.00294771,0.05489741,0.02921594,574344,-0.09942563,White
TX-18,767198,0.46039362,0.52557295,0.45049229,0.54950771,0.13100968,0.29986932,0.00169521,0.10745908,0.0244195,586949,-0.06517933,Minority
TX-19,766956,0.23798921,0.74859993,0.59373513,0.40626487,0.06177436,0.3003401,0.0015901,0.02230803,0.02803034,579836,-0.51061072,White
TX-20,766912,0.71042833,0.27416651,0.15608431,0.84391569,0.07428622,0.73917862,0.00262864,0.02968725,0.02979757,580148,0.43626182,Hispanic
TX-21,766763,0.4556155,0.52896325,0.43769822,0.56230178,0.06822685,0.43706529,0.00351376,0.04732658,0.02803099,581428,-0.07334775,Minority
TX-22,767255,0.46599228,0.5210683,0.38144719,0.61855281,0.23353036,0.31433421,0.00139399,0.05996069,0.02355223,570307,-0.0550760200000001,Minority
TX-23,766262,0.47313794,0.51461175,0.16349238,0.83650762,0.02376522,0.7956432,0.00172214,0.01159346,0.01884872,548154,-0.0414738100000001,Hispanic
TX-24,766081,0.45194416,0.53253622,0.57401769,0.42598231,0.0879253,0.17275983,0.0031113,0.14395085,0.02480313,584644,-0.08059206,White
TX-25,766948,0.37659635,0.60545339,0.55445527,0.44554473,0.15996658,0.22790835,0.00810364,0.03542536,0.03007876,579246,-0.22885704,White
TX-26,766344,0.44031626,0.54427399,0.5642289,0.4357711,0.11853812,0.17109451,0.00210374,0.12392597,0.02796367,564232,-0.10395773,White
TX-27,767594,0.36889007,0.61849318,0.53196731,0.46803269,0.16918437,0.25846346,0.00136683,0.02004172,0.03072174,577246,-0.24960311,White
TX-28,766730,0.48952551,0.50037447,0.15648959,0.84351041,0.01682559,0.80607474,0.000842,0.01509813,0.01799715,552254,-0.01084896,Hispanic
TX-29,766979,0.44926263,0.53694061,0.3209947,0.6790053,0.11047886,0.51507621,0.00144523,0.04334076,0.02848321,562542,-0.08767798,Hispanic
TX-30,766396,0.80117735,0.18695118,0.1394154,0.8605846,0.44991335,0.37357242,0.00132073,0.03392333,0.02579105,558023,0.61422617,Black
TX-31,766545,0.42226943,0.56299863,0.4971189,0.5028811,0.17143974,0.28513414,0.00259229,0.02522198,0.02997686,567838,-0.1407292,Minority
TX-32,766580,0.42682021,0.55888593,0.48089148,0.51910852,0.14721396,0.27035757,0.00165795,0.08154195,0.03109559,582044,-0.13206572,Minority
TX-33,767271,0.6502404,0.33461912,0.31410389,0.68589611,0.17577869,0.42706591,0.00293585,0.07204804,0.03022323,585179,0.31562128,Hispanic
TX-34,766365,0.47909127,0.50770216,0.24037242,0.75962758,0.02342089,0.70730146,0.00141827,0.02092657,0.01934777,566887,-0.02861089,Hispanic
TX-35,766863,0.45433573,0.53009731,0.48260633,0.51739367,0.10131796,0.35650838,0.00428155,0.04760635,0.02896581,585069,-0.0757615800000001,Minority
TX-36,767558,0.4568381,0.53195299,0.40815145,0.59184855,0.22561359,0.31505491,0.00150751,0.03953658,0.02476713,585736,-0.0751148899999999,Minority
TX-37,767907,0.80019377,0.17784058,0.47337897,0.52662103,0.09477341,0.33354919,0.00230482,0.08623363,0.02849359,626948,0.62235319,Minority
TX-38,767685,0.43835192,0.54732737,0.54042681,0.45957319,0.11950633,0.24309242,0.0020339,0.0793,0.02550241,585082,-0.10897545,White
UT-01,818232,0.32037504,0.61929603,0.81006177,0.18993823,0.01692132,0.11866982,0.00913895,0.02868766,0.02132888,571291,-0.29892099,White
UT-02,818197,0.24104483,0.71363859,0.83663347,0.16336653,0.00839648,0.09688905,0.00910859,0.01536344,0.03523512,564522,-0.47259376,White
UT-03,817416,0.32795745,0.60787555,0.78054218,0.21945782,0.01459133,0.12973355,0.01866415,0.04200319,0.01889258,564719,-0.2799181,White
UT-04,817771,0.60493738,0.34871729,0.67701866,0.32298134,0.02763669,0.1938289,0.02180206,0.06014091,0.02570732,623519,0.25622009,White
VA-01,784563,0.42196902,0.55948407,0.73043461,0.26956539,0.15400094,0.04517632,0.00190339,0.04840331,0.02129135,615743,-0.13751505,White
VA-02,784861,0.51603162,0.46291704,0.59969373,0.40030627,0.23993336,0.07126462,0.00406494,0.07428293,0.02254941,608619,0.05311458,White
VA-03,785238,0.65517466,0.32516774,0.43324575,0.56675425,0.45277359,0.06540153,0.00371773,0.03938716,0.02278573,615429,0.33000692,Black
VA-04,784544,0.68348856,0.30017992,0.45727425,0.54272575,0.41029626,0.08090689,0.00174157,0.04065366,0.01856301,629316,0.38330864,Minority
VA-05,783995,0.4112352,0.5709893,0.6876441,0.3123559,0.23206164,0.03931255,0.00120032,0.02376315,0.01770515,620667,-0.1597541,White
VA-06,784770,0.38501669,0.59550808,0.80634111,0.19365889,0.08707383,0.06434579,0.00120289,0.02305245,0.01941648,622667,-0.21049139,White
VA-07,784348,0.54646108,0.43319123,0.63797295,0.36202705,0.14787478,0.12567002,0.00225365,0.07243523,0.02206569,596809,0.11326985,White
VA-08,785050,0.76294478,0.21521222,0.53078226,0.46921774,0.11518174,0.16516256,0.00210191,0.1789345,0.01764809,625620,0.54773256,White
VA-09,784498,0.27850587,0.70695462,0.87194742,0.12805258,0.06362488,0.0240739,0.00092778,0.02013161,0.01755131,640237,-0.42844875,White
VA-10,784451,0.65028716,0.32947187,0.52710621,0.47289379,0.08608636,0.12912268,0.00200241,0.24660808,0.01467689,583298,0.32081529,White
VA-11,785075,0.67533363,0.30571534,0.44391621,0.55608379,0.19429165,0.20187881,0.00309214,0.1521131,0.0206546,586649,0.36961829,Minority
VT-AL,643077,0.66086417,0.30673765,0.90402721,0.09597279,0.01723224,0.02118853,0.00098764,0.02224099,0.0243669,524482,0.35412652,White
WA-01,770766,0.53671362,0.42774251,0.77824551,0.22175449,0.02106462,0.09249672,0.00785809,0.05523209,0.04342603,607654,0.10897111,White
WA-02,770269,0.68699917,0.28049936,0.63229376,0.36770624,0.05018062,0.09286578,0.00983791,0.19045461,0.02588966,602364,0.40649981,White
WA-03,770776,0.46305717,0.50527957,0.78325271,0.21674729,0.02538673,0.0889563,0.01173328,0.0511457,0.038801,593696,-0.0422224,White
WA-04,770826,0.37955261,0.59049643,0.61565802,0.38434198,0.01335822,0.29123664,0.00369543,0.02399469,0.0585412,566917,-0.21094382,White
WA-05,770839,0.45250608,0.51046557,0.76995919,0.23004081,0.02837663,0.11553724,0.00895675,0.03928253,0.03812736,600776,-0.0579594900000001,White
WA-06,770534,0.56414034,0.39874159,0.76389916,0.23610084,0.03543929,0.07375453,0.01382384,0.06535389,0.05080502,620667,0.16539875,White
WA-07,770422,0.87864767,0.09704835,0.61807049,0.38192951,0.07597852,0.07647633,0.00690991,0.20396783,0.02304977,656883,0.78159932,White
WA-08,770268,0.54727391,0.42021382,0.68890304,0.31109696,0.02702109,0.08521178,0.00770486,0.16202355,0.02820711,582619,0.12706009,White
WA-09,770171,0.66905901,0.30257915,0.45327537,0.54672463,0.11614251,0.13683323,0.02424167,0.25548102,0.02957565,596741,0.36647986,Minority
WA-10,770410,0.57305627,0.39001902,0.6307003,0.3692997,0.10365175,0.10712106,0.02759519,0.10838034,0.03803666,596372,0.18303725,White
WI-01,736519,0.41850557,0.56445901,0.81822138,0.18177862,0.05775756,0.08883044,0.00097092,0.01516715,0.01726502,576773,-0.14595344,White
WI-02,736226,0.71466835,0.26816147,0.80165557,0.19834443,0.05615841,0.06373158,0.00122762,0.05965952,0.01602591,583243,0.44650688,White
WI-03,736338,0.42860718,0.55496025,0.91404421,0.08595579,0.01403279,0.02947664,0.00105614,0.01987444,0.01652423,577576,-0.12635307,White
WI-04,736955,0.75508825,0.22803851,0.47210439,0.52789561,0.31355073,0.15315077,0.00145449,0.05175693,0.02116255,558959,0.52704974,Minority
WI-05,737021,0.41352869,0.57034025,0.85996729,0.14003271,0.02837888,0.05279631,0.0009317,0.0408809,0.01402725,579586,-0.15681156,White
WI-06,736002,0.41681803,0.56622129,0.8896568,0.1103432,0.01530072,0.02688582,0.00107427,0.01897883,0.04356604,586443,-0.14940326,White
WI-07,737185,0.43300715,0.54683357,0.91357812,0.08642188,0.01409672,0.02534942,0.00097812,0.02118503,0.01885353,575595,-0.11382642,White
WI-08,737472,0.41247377,0.56993776,0.86551187,0.13448813,0.02324233,0.05586762,0.00098236,0.02729197,0.02532898,574125,-0.15746399,White
WV-01,897082,0.30452275,0.67769764,0.89686343,0.10313657,0.04142278,0.02182916,0.00092985,0.01322806,0.02014624,718397,-0.37317489,White
WV-02,896634,0.2892505,0.69511262,0.90791354,0.09208646,0.04646658,0.01091759,0.00069136,0.00943551,0.02039648,714535,-0.40586212,White
WY-AL,576851,0.26553574,0.69936227,0.83845451,0.16154549,0.01343191,0.08644868,0.00228623,0.01477329,0.04176627,441337,-0.43382653,White
