Tag,id,TotalPop,DemPct,RepPct,WhitePct,MinorityPct,BlackPct,HispanicPct,PacificPct,AsianPct,NativePct,TotalVAP,Margin,Majority
Fair,CO-01,721086,0.7666674,0.20543343,0.64375123,0.35624877,0.09619318,0.20192693,0.0015197,0.04158898,0.01220374,542211,0.56123397,White
Fair,CO-02,721623,0.68346351,0.28798389,0.83257818,0.16742182,0.01409335,0.10735965,0.00102259,0.03366942,0.00985261,565231,0.39547962,White
Fair,CO-03,722309,0.44413796,0.53054942,0.74692084,0.25307916,0.01316191,0.20302234,0.00049544,0.01057819,0.02521931,563140,-0.08641146,White
Fair,CO-04,720919,0.38339506,0.591132,0.75054911,0.24945089,0.01919122,0.19330896,0.00104294,0.02216526,0.01298149,542696,-0.20773694,White
Fair,CO-05,722130,0.44106124,0.53140437,0.72245656,0.27754344,0.06959474,0.14916438,0.0026645,0.03726263,0.01280467,544567,-0.09034313,White
Fair,CO-06,722266,0.50896858,0.46452892,0.7933244,0.2066756,0.0413099,0.09799929,0.00112216,0.05479049,0.00800684,547157,0.04443966,White
Fair,CO-07,722113,0.55257297,0.41899593,0.81290896,0.18709104,0.01759933,0.12452143,0.00053078,0.03141881,0.01188255,574624,0.13357704,White
Fair,CO-08,721268,0.57473239,0.39599628,0.52769028,0.47230972,0.10259575,0.30096142,0.00203135,0.05216951,0.01266754,475546,0.17873611,White
Fair,GA-01,765246,0.44201594,0.55221272,0.5988094,0.4011906,0.31390431,0.05429181,0.00095934,0.01985578,0.00923173,588947,-0.11019678,White
Fair,GA-02,765388,0.55524323,0.44014845,0.42725679,0.57274321,0.50529573,0.03999815,0.00082415,0.01662874,0.00969981,563001,0.11509478,Black
Fair,GA-03,764645,0.30491608,0.68978128,0.71341267,0.28658733,0.21824741,0.04337345,0.00037347,0.01161492,0.01214457,589070,-0.3848652,White
Fair,GA-04,764382,0.81864331,0.17109462,0.33370842,0.66629158,0.55951021,0.04809916,0.0004576,0.0498283,0.00716227,533211,0.64754869,Black
Fair,GA-05,765188,0.74961877,0.24270527,0.27475329,0.72524671,0.64754401,0.04852564,0.00043558,0.02140627,0.00796419,573944,0.5069135,Black
Fair,GA-06,765083,0.56879686,0.4205185,0.55740977,0.44259023,0.29725803,0.08674381,0.00045588,0.0487517,0.00733675,539612,0.14827836,White
Fair,GA-07,764425,0.58599779,0.40118142,0.625915,0.374085,0.18261397,0.07083243,0.00036166,0.11103238,0.00475328,541941,0.18481637,White
Fair,GA-08,766006,0.28224129,0.714638,0.64840027,0.35159973,0.2834731,0.04726323,0.00035245,0.00858623,0.01132256,564625,-0.43239671,White
Fair,GA-09,765801,0.59638456,0.39144351,0.36054878,0.63945122,0.36856715,0.14663723,0.00045669,0.11407129,0.00772583,475159,0.20494105,Black
Fair,GA-10,764954,0.32366322,0.6698946,0.73148285,0.26851715,0.15362253,0.07773984,0.00022031,0.02499475,0.01091046,581002,-0.34623138,White
Fair,GA-11,765562,0.30724534,0.68441245,0.7734061,0.2265939,0.08838994,0.07499932,0.0008502,0.05326525,0.00650077,555165,-0.37716711,White
Fair,GA-12,765141,0.44997158,0.54490188,0.53248427,0.46751573,0.39551248,0.03842233,0.00093705,0.02195022,0.00918683,582682,-0.0949303,White
Fair,GA-13,764207,0.69604714,0.29805812,0.27871804,0.72128196,0.61458604,0.06293744,0.00048683,0.03126981,0.0109755,550499,0.39798902,Black
Fair,GA-14,765880,0.19263256,0.80259559,0.86671994,0.13328006,0.04498294,0.06133152,0.00051708,0.01086044,0.01510959,595648,-0.60996303,White
Fair,KY-01,750895,0.26951967,0.71715122,0.84006319,0.15993681,0.08471407,0.03488328,0.00205125,0.01609054,0.02075765,579160,-0.44763155,White
Fair,KY-02,750437,0.26415908,0.72109231,0.87996954,0.12003046,0.05293977,0.02818308,0.00168526,0.01378767,0.02141586,572613,-0.45693323,White
Fair,KY-03,751321,0.57472685,0.40723579,0.66076376,0.33923624,0.2172404,0.0677879,0.00165828,0.03680104,0.01868199,589766,0.16749106,White
Fair,KY-04,751315,0.45879246,0.52074509,0.78420624,0.21579376,0.10435841,0.05713307,0.00245894,0.03299262,0.01990456,583585,-0.06195263,White
Fair,KY-05,750765,0.15532497,0.83294128,0.94193174,0.05806826,0.01863545,0.01389914,0.00056829,0.00490407,0.01809626,584209,-0.67761631,White
Fair,KY-06,751103,0.30287205,0.68057816,0.90067825,0.09932175,0.03464174,0.02661657,0.0014846,0.01317514,0.01985669,574567,-0.37770611,White
Fair,MO-01,769756,0.70177224,0.28174158,0.5075912,0.4924088,0.40062235,0.03544142,0.0011485,0.03833066,0.01802256,611234,0.42003066,White
Fair,MO-02,768790,0.54848457,0.4346316,0.77957725,0.22042275,0.09951419,0.0346042,0.0009438,0.06375922,0.01721352,603944,0.11385297,White
Fair,MO-03,770262,0.36885764,0.61107293,0.86723318,0.13276682,0.04585975,0.02646157,0.00125879,0.02446877,0.02687161,592633,-0.24221529,White
Fair,MO-04,769097,0.2858641,0.69547265,0.86445604,0.13554396,0.03760086,0.04230246,0.00363583,0.01157381,0.03442737,588311,-0.40960855,White
Fair,MO-05,769535,0.62624874,0.3541775,0.61952342,0.38047658,0.2260038,0.09132311,0.00414113,0.03498128,0.02932375,595490,0.27207124,White
Fair,MO-06,769489,0.27251118,0.71019486,0.88822268,0.11177732,0.04207104,0.02658469,0.00179877,0.01084331,0.02558481,592070,-0.43768368,White
Fair,MO-07,769217,0.28348322,0.69818217,0.85038047,0.14961953,0.02626385,0.0495487,0.00448948,0.01903538,0.04573391,595838,-0.41469895,White
Fair,MO-08,768767,0.20751372,0.77876814,0.86990767,0.13009233,0.05501164,0.02415231,0.00161552,0.01286043,0.03069996,596092,-0.57125442,White
Fair,TX-01,766657,0.26984957,0.71963943,0.66791308,0.33208692,0.14834516,0.15617061,0.00072312,0.01207654,0.01361896,582203,-0.44978986,White
Fair,TX-02,766249,0.27226077,0.71773229,0.69040086,0.30959914,0.07464789,0.19252196,0.00073699,0.03194813,0.00849711,550893,-0.44547152,White
Fair,TX-03,767465,0.37653681,0.59766542,0.61895209,0.38104791,0.12547438,0.14260282,0.00084723,0.10081537,0.00957162,571272,-0.22112861,White
Fair,TX-04,767256,0.20652819,0.78643154,0.73230078,0.26769922,0.14639817,0.09281421,0.0006916,0.00896101,0.01847005,571141,-0.57990335,White
Fair,TX-05,766470,0.2425712,0.7475277,0.65636993,0.34363007,0.11606127,0.19292793,0.00055746,0.01773417,0.0155113,574033,-0.5049565,White
Fair,TX-06,766909,0.5873831,0.3960148,0.37000499,0.62999501,0.28023187,0.28475374,0.002769,0.05149346,0.00925069,483207,0.1913683,Minority
Fair,TX-07,766462,0.57201933,0.40802188,0.50126108,0.49873892,0.10724463,0.29720673,0.00036301,0.08561944,0.00641453,476574,0.16399745,White
Fair,TX-08,767578,0.36576051,0.61807612,0.54026606,0.45973394,0.16290084,0.21341088,0.0006629,0.07174728,0.00960737,532508,-0.25231561,White
Fair,TX-09,766724,0.54401741,0.43707439,0.31960555,0.68039445,0.32742469,0.24174435,0.0004384,0.10272493,0.00580363,526912,0.10694302,Black
Fair,TX-10,766981,0.56879439,0.41328663,0.48524023,0.51475977,0.09608198,0.37520838,0.00051027,0.0330279,0.00884715,550686,0.15550776,Minority
Fair,TX-11,767324,0.18513395,0.80601094,0.75270898,0.24729102,0.0361488,0.18571709,0.00035355,0.00987247,0.01443338,596811,-0.62087699,White
Fair,TX-12,767355,0.37381849,0.61249638,0.66012497,0.33987503,0.08638347,0.18151329,0.00080998,0.05780265,0.01027999,544456,-0.23867789,White
Fair,TX-13,767072,0.23095968,0.75917455,0.60688818,0.39311182,0.06246452,0.29755519,0.00097646,0.01886858,0.01228703,547895,-0.52821487,White
Fair,TX-14,767533,0.27404626,0.71814252,0.63973648,0.36026352,0.20306019,0.12415771,0.00067241,0.01663694,0.01544429,565128,-0.44409626,White
Fair,TX-15,767751,0.48398427,0.5066358,0.0982224,0.9017776,0.00935418,0.87686556,0.0004887,0.01268733,0.00227034,421523,-0.02265153,Hispanic
Fair,TX-16,766440,0.57308146,0.4119961,0.14105508,0.85894492,0.03976956,0.79601608,0.00125567,0.01492279,0.00675396,502520,0.16108536,Hispanic
Fair,TX-17,767351,0.47196715,0.5072591,0.65362695,0.34637305,0.0708223,0.1905762,0.00109802,0.07222532,0.00816892,573760,-0.03529195,White
Fair,TX-18,766954,0.75510616,0.23124372,0.1397154,0.8602846,0.51204972,0.29642817,0.00122405,0.04256738,0.00776018,466484,0.52386244,Black
Fair,TX-19,767255,0.49723666,0.47502663,0.57859308,0.42140692,0.13516234,0.14471466,0.00042525,0.12876132,0.00923477,538508,0.02221003,White
Fair,TX-20,767280,0.62590194,0.3591186,0.21712495,0.78287505,0.07181499,0.68659224,0.00138993,0.01479282,0.00601524,513695,0.26678334,Hispanic
Fair,TX-21,767450,0.39908724,0.58728767,0.53291077,0.46708923,0.07196449,0.34858096,0.0009295,0.0336542,0.00798481,583107,-0.18820043,White
Fair,TX-22,766323,0.54153739,0.42529682,0.24637531,0.75362469,0.25496521,0.23980887,0.00084676,0.24951317,0.00605654,433416,0.11624057,Black
Fair,TX-23,766949,0.20823402,0.78262879,0.46064404,0.53935596,0.04979094,0.46739031,0.00077881,0.01114197,0.01067873,494347,-0.57439477,Hispanic
Fair,TX-24,766229,0.53628954,0.44249073,0.58700681,0.41299319,0.1559018,0.16217803,0.00116856,0.08361176,0.01009098,546825,0.09379881,White
Fair,TX-25,766405,0.30058992,0.68786707,0.71190266,0.28809734,0.09495528,0.15502049,0.00113953,0.02276512,0.01125075,587961,-0.38727715,White
Fair,TX-26,767288,0.27258301,0.71622039,0.75609553,0.24390447,0.0675349,0.12642026,0.0008714,0.03263328,0.01502226,589858,-0.44363738,White
Fair,TX-27,767195,0.26904468,0.72194766,0.50254507,0.49745493,0.07096938,0.39946421,0.0005854,0.0158844,0.01068182,560298,-0.45290298,White
Fair,TX-28,767180,0.452246,0.53966976,0.11004826,0.88995174,0.01332398,0.86466114,0.0005515,0.00515131,0.00535574,420670,-0.08742376,Hispanic
Fair,TX-29,766434,0.52760358,0.46032202,0.21234893,0.78765107,0.17482291,0.56461717,0.00075505,0.03982212,0.00771481,419842,0.06728156,Hispanic
Fair,TX-30,766658,0.7219504,0.26223721,0.18849285,0.81150715,0.51287314,0.25195359,0.00033019,0.03616749,0.01065764,490634,0.45971319,Black
Fair,TX-31,767161,0.35821595,0.6290923,0.56241556,0.43758444,0.19148833,0.20326109,0.00348889,0.02410963,0.01168832,556624,-0.27087635,White
Fair,TX-32,766642,0.54844626,0.42686463,0.38133627,0.61866373,0.23563531,0.28880656,0.00030481,0.08435366,0.00940874,446181,0.12158163,Minority
Fair,TX-33,766976,0.57770426,0.39262864,0.30610113,0.69389887,0.17512331,0.42074421,0.00053111,0.08850952,0.00843928,393517,0.18507562,Hispanic
Fair,TX-34,767566,0.47200662,0.51860359,0.20022057,0.79977943,0.02595774,0.75511742,0.00070697,0.01323237,0.00456497,495074,-0.04659697,Hispanic
Fair,TX-35,767372,0.5466931,0.4391734,0.29870829,0.70129171,0.11396853,0.53621123,0.00136217,0.03873503,0.00676025,553530,0.1075197,Hispanic
Fair,TX-36,767373,0.33144733,0.65572382,0.60353212,0.39646788,0.11591777,0.22979819,0.00070635,0.04003501,0.0091299,550718,-0.32427649,White
Fair,TX-37,766517,0.72416167,0.25035672,0.60223653,0.39776347,0.08625128,0.22026585,0.00076464,0.07907398,0.00804331,581974,0.47380495,White
Fair,TX-38,766721,0.49399076,0.48603229,0.34735003,0.65264997,0.20151119,0.32115985,0.00034019,0.12061428,0.00786445,473269,0.00795847,Minority
WR,AL-01,558038,0.2338852,0.75334998,0.77855963,0.22144037,0.13184408,0.03546142,0.0012057,0.01932568,0.03077181,435431,-0.51946478,White
WR,AL-02,558927,0.5891416,0.40144955,0.42648284,0.57351716,0.51925991,0.02631399,0.00100805,0.01238105,0.01869559,439462,0.18769205,Black
WR,AL-03,558678,0.34760769,0.63949961,0.65659406,0.34340594,0.26512942,0.03371537,0.00147421,0.02483139,0.02028117,438880,-0.29189192,White
WR,AL-04,557320,0.17652044,0.81195857,0.83343614,0.16656386,0.07434575,0.05015766,0.00086082,0.00686353,0.03325891,434470,-0.63543813,White
WR,AL-05,559028,0.39949557,0.57818667,0.67998154,0.32001846,0.21022442,0.05040708,0.00206736,0.0302543,0.03010581,437756,-0.1786911,White
WR,AL-06,558172,0.25460144,0.73084386,0.76135024,0.23864976,0.14908696,0.04733557,0.00108981,0.0179457,0.02290235,428515,-0.47624242,White
WR,AL-07,558772,0.6431549,0.3397836,0.43986114,0.56013886,0.47564857,0.04668224,0.00107781,0.02574617,0.01494518,436997,0.3033713,Black
WR,AL-08,558086,0.46941828,0.5182297,0.50351637,0.49648363,0.41613693,0.03923764,0.00159783,0.02556987,0.01865208,434965,-0.04881142,White
WR,AL-09,557258,0.18167704,0.8061526,0.81891151,0.18108849,0.0820358,0.05443591,0.00084283,0.00897629,0.0360143,430690,-0.62447556,White
WR,CO-01,577941,0.76991009,0.20181743,0.70550949,0.29449051,0.06324306,0.1749433,0.00172531,0.03968887,0.01215915,451512,0.56809266,White
WR,CO-02,577552,0.6049072,0.36876137,0.8272797,0.1727203,0.01262705,0.11466809,0.00073829,0.03207771,0.01120416,446977,0.23614583,White
WR,CO-03,576509,0.51687478,0.45638173,0.73264318,0.26735682,0.01435075,0.21404575,0.0006768,0.0110202,0.02687149,449175,0.06049305,White
WR,CO-04,576825,0.29256403,0.68374928,0.78030914,0.21969086,0.03066441,0.15218382,0.00112699,0.01845836,0.0164648,445435,-0.39118525,White
WR,CO-05,577998,0.4757294,0.49564764,0.70745947,0.29254053,0.07365068,0.16027038,0.00280231,0.03641405,0.01284069,436425,-0.01991824,White
WR,CO-06,576775,0.61443942,0.35574737,0.50772809,0.49227191,0.18656552,0.21967378,0.00171529,0.06875758,0.01151846,376613,0.25869205,White
WR,CO-07,577816,0.58286567,0.38856689,0.80790789,0.19209211,0.01577037,0.13149908,0.00061715,0.03244221,0.01065023,453699,0.19429878,White
WR,CO-08,577498,0.5407601,0.43147441,0.56515039,0.43484961,0.03963148,0.33938218,0.00158668,0.03939792,0.01248528,393904,0.10928569,White
WR,CO-09,576859,0.54590753,0.42555223,0.81750862,0.18249138,0.01399598,0.12596821,0.00093219,0.03045889,0.00983714,458060,0.1203553,White
WR,CO-10,577941,0.50061697,0.47364401,0.82225084,0.17774916,0.02586316,0.09254982,0.00105329,0.04802062,0.00798201,443372,0.02697296,White
WR,LA-01,582006,0.30078514,0.68041803,0.73902513,0.26097487,0.13531631,0.0874121,0.00202112,0.02452069,0.01106221,426497,-0.37963289,White
WR,LA-02,582543,0.75319256,0.22315299,0.34204397,0.65795603,0.5451444,0.06759229,0.00019033,0.03598372,0.01032525,420329,0.53003957,Black
WR,LA-03,582144,0.30874402,0.67768133,0.66504267,0.33495733,0.25818991,0.03795832,0.00034783,0.01187799,0.02620725,425493,-0.36893731,White
WR,LA-04,581684,0.39086954,0.59586937,0.56142707,0.43857293,0.37749916,0.03205452,0.00049062,0.01303543,0.01569509,425993,-0.20499983,White
WR,LA-05,582965,0.25689092,0.7264079,0.75609487,0.24390513,0.18067711,0.03749451,0.00036782,0.01600701,0.01017478,434997,-0.46951698,White
WR,LA-06,582472,0.57425892,0.41006319,0.40615619,0.59384381,0.54144823,0.02919372,0.00072593,0.01357332,0.00945814,428414,0.16419573,Black
WR,LA-07,582417,0.29772716,0.69094533,0.62826164,0.37173836,0.32885018,0.02337319,0.00053567,0.00612095,0.01456697,433103,-0.39321817,White
WR,LA-08,581526,0.22068285,0.76627584,0.75485013,0.24514987,0.184461,0.03474443,0.0007536,0.0129758,0.011688,419319,-0.54559299,White
WR,MO-01,559666,0.80915482,0.17261803,0.40260354,0.59739646,0.54448817,0.0238494,0.00029755,0.02004847,0.00998944,416740,0.63653679,Black
WR,MO-02,559515,0.59107955,0.390105,0.81426884,0.18573116,0.11252775,0.02868392,0.00022849,0.03860039,0.00538274,415773,0.20097455,White
WR,MO-03,559460,0.43482164,0.54862009,0.87176233,0.12823767,0.05255006,0.03060172,0.00024677,0.03842782,0.00566864,425499,-0.11379845,White
WR,MO-04,559658,0.27888892,0.70902856,0.93826372,0.06173628,0.02249636,0.01899754,0.0003318,0.00762464,0.01115322,437004,-0.43013964,White
WR,MO-05,558884,0.3574728,0.62647968,0.86326683,0.13673317,0.06744497,0.03580598,0.00087751,0.01879211,0.01313706,430766,-0.26900688,White
WR,MO-06,559268,0.67185964,0.30980748,0.60348606,0.39651394,0.27585081,0.08072851,0.00157693,0.02623185,0.01262508,416631,0.36205216,White
WR,MO-07,560438,0.42908967,0.55597426,0.84348301,0.15651699,0.07177537,0.05024656,0.00178001,0.0186057,0.01154271,420785,-0.12688459,White
WR,MO-08,559601,0.2363027,0.75267812,0.92338738,0.07661262,0.03460144,0.02227837,0.00097564,0.00676166,0.01160478,427410,-0.51637542,White
WR,MO-09,559286,0.19706878,0.79275843,0.92023546,0.07976454,0.0146931,0.03060965,0.00077136,0.00797459,0.02531268,429113,-0.59568965,White
WR,MO-10,559523,0.29855512,0.68917647,0.90344335,0.09655665,0.02515564,0.03822771,0.00062781,0.01523173,0.01564266,438033,-0.39062135,White
WR,MO-11,559614,0.19761341,0.79359031,0.88274828,0.11725172,0.05673923,0.02685493,0.00085384,0.01007762,0.02135762,427482,-0.5959769,White
WR,MS-01,591682,0.29975542,0.68560074,0.6808661,0.3191339,0.27405295,0.02479974,0.00092905,0.00919044,0.01068625,449924,-0.38584532,White
WR,MS-02,592403,0.67580636,0.31292943,0.27846847,0.72153153,0.69866895,0.01293018,0.00007982,0.00408705,0.00771398,425980,0.36287693,Black
WR,MS-03,592741,0.33415749,0.65578033,0.65227198,0.34772802,0.30773791,0.01688357,0.00060848,0.01037309,0.01267104,448661,-0.32162284,White
WR,MS-04,592121,0.29318976,0.6954452,0.70489075,0.29510925,0.21699183,0.04078349,0.00057162,0.01949239,0.01484661,453100,-0.40225544,White
WR,MS-05,592332,0.3353434,0.65651083,0.60138654,0.39861346,0.36193981,0.01247665,0.00029261,0.00608414,0.0189907,444270,-0.32116743,White
WR,NY-01,576761,0.4407396,0.54647774,0.74362129,0.25637871,0.05767195,0.13710829,0.00091669,0.05204516,0.01356785,465807,-0.10573814,White
WR,NY-02,576945,0.42129591,0.56764571,0.59883721,0.40116279,0.09640423,0.26163233,0.00107617,0.04108218,0.0188495,452532,-0.1463498,White
WR,NY-03,577118,0.41039484,0.5780067,0.68255827,0.31744173,0.07596193,0.14436728,0.00105339,0.09236137,0.01058618,459467,-0.16761186,White
WR,NY-04,577495,0.48401596,0.49915582,0.65307486,0.34692514,0.05151205,0.13126321,0.00091633,0.1573049,0.0093852,455078,-0.01513986,White
WR,NY-05,577638,0.55084111,0.43690005,0.45485936,0.54514064,0.23975643,0.22966981,0.00147952,0.07736075,0.01466566,455554,0.11394106,Minority
WR,NY-06,577122,0.70191823,0.28786989,0.15346648,0.84653352,0.57282239,0.15918548,0.00412818,0.09894622,0.02439401,453226,0.41404834,Black
WR,NY-07,576607,0.51438956,0.46482551,0.2482675,0.7517325,0.08017419,0.14381195,0.00246162,0.52047101,0.01079827,474891,0.04956405,Asian
WR,NY-08,577053,0.57122166,0.40586167,0.34136337,0.65863663,0.05764366,0.25304845,0.00220497,0.34747188,0.01770096,473929,0.16535999,Asian
WR,NY-09,576900,0.70842815,0.26349574,0.30359938,0.69640062,0.1424056,0.39869264,0.00398938,0.16087643,0.03047517,469497,0.44493241,Hispanic
WR,NY-10,577234,0.66377737,0.32659491,0.27663825,0.72336175,0.50222376,0.14806395,0.00209243,0.09902199,0.01256784,453061,0.33718246,Black
WR,NY-11,577273,0.68802178,0.29217348,0.30408306,0.69591694,0.50172672,0.11021709,0.00160569,0.0977225,0.01241686,450275,0.3958483,Black
WR,NY-12,577176,0.87758784,0.09603398,0.38954255,0.61045745,0.38522912,0.15213576,0.00236409,0.09010618,0.01524108,458104,0.78155386,Minority
WR,NY-13,577358,0.47382266,0.50393857,0.40392282,0.59607718,0.03449308,0.19696201,0.00155501,0.36174591,0.01869749,427651,-0.03011591,Minority
WR,NY-14,577089,0.3707728,0.61067744,0.59247125,0.40752875,0.10341479,0.17500203,0.00165235,0.13365809,0.01477668,455109,-0.23990464,White
WR,NY-15,576708,0.66480738,0.3132852,0.23802219,0.76197781,0.13392524,0.47521093,0.00258175,0.16911843,0.0341862,466738,0.35152218,Hispanic
WR,NY-16,577114,0.80212733,0.17710197,0.55548321,0.44451679,0.07797094,0.13941014,0.00477139,0.22808999,0.00992566,514525,0.62502536,White
WR,NY-17,577440,0.81019915,0.16949481,0.68137553,0.31862447,0.06062098,0.10287765,0.00179616,0.14741291,0.00868178,501625,0.64070434,White
WR,NY-18,577675,0.78869497,0.19508077,0.16824284,0.83175716,0.34744541,0.51094914,0.00340174,0.05262834,0.02838383,471818,0.5936142,Hispanic
WR,NY-19,577001,0.67447245,0.31153852,0.12623245,0.87376755,0.31779532,0.54208353,0.00362531,0.08354545,0.03153429,440790,0.36293393,Hispanic
WR,NY-20,577211,0.71734605,0.27166868,0.10104249,0.89895751,0.37591703,0.58034045,0.00409516,0.03772905,0.02903549,433194,0.44567737,Hispanic
WR,NY-21,577298,0.6875517,0.30567425,0.25469642,0.74530358,0.42874992,0.29136431,0.0021441,0.05267704,0.01918674,453803,0.38187745,Black
WR,NY-22,578070,0.53740295,0.45600851,0.69345982,0.30654018,0.06227793,0.18692672,0.00106857,0.04904138,0.01447326,452006,0.08139444,White
WR,NY-23,577201,0.54171228,0.45058093,0.59551171,0.40448829,0.12121056,0.18972046,0.00129827,0.09018601,0.01284884,425953,0.09113135,White
WR,NY-24,577154,0.50321918,0.49118691,0.62054807,0.37945193,0.14410632,0.18263649,0.00145737,0.04174271,0.02022727,443263,0.01203227,White
WR,NY-25,577165,0.50372789,0.48794226,0.81439444,0.18560556,0.06032048,0.07647404,0.00118492,0.02548214,0.02035386,470918,0.01578563,White
WR,NY-26,576971,0.57649711,0.40893815,0.70942542,0.29057458,0.13114722,0.06790816,0.00192765,0.06932638,0.01962837,463258,0.16755896,White
WR,NY-27,577398,0.48400146,0.51057236,0.88049216,0.11950784,0.03179201,0.029438,0.00106767,0.02211226,0.02841535,466438,-0.0265709,White
WR,NY-28,576969,0.33406896,0.66160507,0.89049959,0.10950041,0.0338189,0.0322983,0.00147432,0.01210305,0.02107455,453770,-0.32753611,White
WR,NY-29,577859,0.51545175,0.47597898,0.8073774,0.1926226,0.05974176,0.04840523,0.00129334,0.06138569,0.01851298,467780,0.03947277,White
WR,NY-30,577236,0.56252005,0.43162269,0.78391232,0.21608768,0.10871316,0.04485438,0.00135388,0.04057507,0.02145314,459420,0.13089736,White
WR,NY-31,576652,0.52127382,0.4679783,0.86186646,0.13813354,0.0394277,0.03685237,0.00094082,0.04082159,0.01511164,461300,0.05329552,White
WR,NY-32,576738,0.53936522,0.45172864,0.66989231,0.33010769,0.19301915,0.09577158,0.00133844,0.03257889,0.01745212,457996,0.08763658,White
WR,NY-33,577734,0.33928015,0.65436635,0.89558194,0.10441806,0.03456128,0.02615914,0.00092434,0.01204925,0.02372482,457622,-0.3150862,White
WR,NY-34,576553,0.5303652,0.45693739,0.79346471,0.20653529,0.0897189,0.0437269,0.00093699,0.05489985,0.01797903,465320,0.07342781,White
WR,NY-35,577333,0.5265562,0.46009421,0.71822478,0.28177522,0.17430551,0.0608391,0.0009706,0.03401276,0.01623515,456417,0.06646199,White
WR,TN-01,575764,0.20760729,0.78235638,0.91201712,0.08798288,0.02664473,0.02341279,0.00079562,0.00991517,0.02352891,465045,-0.57474909,White
WR,TN-02,575841,0.38026228,0.60436815,0.81650983,0.18349017,0.08157193,0.04554149,0.00128688,0.02788532,0.02578371,455365,-0.22410587,White
WR,TN-03,575528,0.19852692,0.79141772,0.88485693,0.11514307,0.02429604,0.04938861,0.00119478,0.01045323,0.02789132,456988,-0.5928908,White
WR,TN-04,576458,0.34377084,0.64191957,0.76960007,0.23039993,0.12741307,0.05385322,0.00119308,0.02130179,0.02710019,455126,-0.29814873,White
WR,TN-05,575004,0.22721725,0.76285907,0.86487326,0.13512674,0.05117365,0.04452931,0.00110329,0.01238191,0.02446901,447750,-0.53564182,White
WR,TN-06,576265,0.34163794,0.64424399,0.73454961,0.26545039,0.12340589,0.07423424,0.00142678,0.04415589,0.02201879,431041,-0.30260605,White
WR,TN-07,575894,0.66944193,0.31034692,0.53297263,0.46702737,0.27732267,0.12942029,0.00148649,0.04553487,0.02106984,459472,0.35909501,White
WR,TN-08,576248,0.21001342,0.78025277,0.85597418,0.14402582,0.0593281,0.04649052,0.00097241,0.00909738,0.02620375,448371,-0.57023935,White
WR,TN-09,576011,0.31359213,0.67409992,0.72339095,0.27660905,0.17864111,0.05374408,0.00323122,0.01967482,0.02389868,438225,-0.36050779,White
WR,TN-10,576483,0.33148835,0.65405211,0.80636188,0.19363812,0.10648826,0.03874813,0.00117912,0.02663823,0.01879454,448641,-0.32256376,White
WR,TN-11,576223,0.350644,0.63545385,0.69453531,0.30546469,0.20033747,0.04723841,0.00135886,0.03673198,0.01983847,444490,-0.28480985,White
WR,TN-12,575121,0.80802245,0.17325485,0.20206056,0.79793944,0.69331895,0.07565692,0.00097475,0.02334552,0.01313027,433959,0.6347676,Black
WR,UT-01,546033,0.34845543,0.6205408,0.81468473,0.18531527,0.01758817,0.10978051,0.01074966,0.0314141,0.02031082,376105,-0.27208537,White
WR,UT-02,544388,0.37199594,0.60020982,0.7031912,0.2968088,0.01677777,0.19810132,0.02240017,0.04083468,0.0262133,380265,-0.22821388,White
WR,UT-03,546119,0.22764605,0.74929314,0.82521943,0.17478057,0.00857797,0.10011246,0.01082716,0.01638035,0.04145758,386805,-0.52164709,White
WR,UT-04,544421,0.34309803,0.62759685,0.82930662,0.17069338,0.01269586,0.08866205,0.01330321,0.04034981,0.01633439,358936,-0.28449882,White
WR,UT-05,544910,0.32448585,0.64230389,0.78598585,0.21401415,0.01439002,0.1429961,0.01244206,0.0283102,0.02165361,393745,-0.31781804,White
WR,UT-06,545745,0.67493777,0.29757492,0.69559196,0.30440804,0.03116104,0.17080536,0.0188559,0.06298999,0.0250867,428195,0.37736285,White
WR,WI-01,589582,0.45861607,0.52335384,0.76936546,0.23063454,0.075613,0.10679305,0.0010832,0.02909414,0.01933011,459749,-0.06473777,White
WR,WI-02,588631,0.74103329,0.24140098,0.79650198,0.20349802,0.05542717,0.06053306,0.00124716,0.0698196,0.01504266,469066,0.49963231,White
WR,WI-03,589356,0.4231378,0.56048678,0.91881291,0.08118709,0.01351076,0.02770188,0.00101506,0.01627373,0.01741567,457117,-0.13734898,White
WR,WI-04,588876,0.78991176,0.190593,0.40140198,0.59859802,0.3784224,0.15967862,0.0014997,0.0534984,0.02067688,442088,0.59931876,Minority
WR,WI-05,590090,0.44446032,0.53787145,0.84220882,0.15779118,0.03374536,0.06512707,0.00098593,0.04023998,0.01561121,464538,-0.09341113,White
WR,WI-06,589216,0.41951228,0.56495733,0.88628655,0.11371345,0.02139456,0.04599906,0.00094716,0.02435308,0.01704456,461379,-0.14544505,White
WR,WI-07,589957,0.41404453,0.56920925,0.91197473,0.08802527,0.01150575,0.01717898,0.00113634,0.01584935,0.03599132,470808,-0.15516472,White
WR,WI-08,589558,0.4257474,0.55979459,0.8629966,0.1370034,0.02274973,0.0527555,0.00102096,0.0261318,0.03247182,457412,-0.13404719,White
WR,WI-09,588731,0.39722016,0.58705466,0.89438398,0.10561602,0.01740187,0.02878414,0.00098651,0.02668915,0.02777409,467306,-0.1898345,White
WR,WI-10,589721,0.40398068,0.58040926,0.87984755,0.12015245,0.02717371,0.05655339,0.00092473,0.01643775,0.01472009,462837,-0.17642858,White
CR,MS-01,493427,0.33266086,0.65180543,0.65264291,0.34735709,0.30211613,0.02428073,0.00043656,0.00998799,0.01087169,377954,-0.31914457,White
CR,MS-02,492927,0.68316754,0.30518543,0.27160285,0.72839715,0.70482707,0.01292689,0.00006767,0.00429957,0.00785199,354687,0.37798211,Black
CR,MS-03,493816,0.34843111,0.64179284,0.62318907,0.37681093,0.34145782,0.01734441,0.0007561,0.0097267,0.00797956,370321,-0.29336173,White
CR,MS-04,494417,0.31943645,0.6689332,0.68498118,0.31501882,0.23064765,0.04344103,0.00067133,0.02205354,0.01531642,378352,-0.34949675,White
CR,MS-05,493175,0.32313957,0.66765428,0.63612561,0.36387439,0.32036461,0.01539315,0.0007303,0.00603987,0.02304238,369710,-0.34451471,White
CR,MS-06,493517,0.31473618,0.67645192,0.63638986,0.36361014,0.32831057,0.01604428,0.00032622,0.00697202,0.01288719,370911,-0.36171574,White
CR,TN-01,493042,0.2198913,0.76938304,0.90555201,0.09444799,0.03035632,0.02514372,0.00079404,0.01081846,0.02367587,399225,-0.54949174,White
CR,TN-02,494611,0.20396602,0.78568316,0.89169344,0.10830656,0.02305533,0.04331654,0.00079108,0.01052741,0.02768263,394399,-0.58171714,White
CR,TN-03,493204,0.40643891,0.5774375,0.80140522,0.19859478,0.09079351,0.04926483,0.00137908,0.03105487,0.02519763,390116,-0.17099859,White
CR,TN-04,493741,0.36803553,0.61719876,0.74708062,0.25291938,0.14399263,0.05820788,0.00127811,0.0234551,0.02726377,389638,-0.24916323,White
CR,TN-05,493240,0.19773161,0.79262643,0.88591339,0.11408661,0.03327526,0.0412973,0.00087878,0.00846656,0.02692598,389178,-0.59489482,White
CR,TN-06,494141,0.35334397,0.63277056,0.71953477,0.28046523,0.1383886,0.08101589,0.00152034,0.03772647,0.02307372,372285,-0.27942659,White
CR,TN-07,494200,0.35385867,0.63109756,0.82653591,0.17346409,0.06879209,0.04977678,0.00125734,0.03052477,0.02180995,392894,-0.27723889,White
CR,TN-08,492928,0.68603119,0.29364801,0.51122565,0.48877435,0.30257145,0.13003655,0.0014588,0.04159868,0.02144996,393474,0.39238318,White
CR,TN-09,493368,0.17745142,0.813881,0.90191496,0.09808504,0.02576067,0.03643947,0.00133872,0.0084476,0.02512097,387684,-0.63642958,White
CR,TN-10,494286,0.32042047,0.66685631,0.73362959,0.26637041,0.14053212,0.07314482,0.00380591,0.02571692,0.02626294,369951,-0.34643584,White
CR,TN-11,493122,0.2808761,0.70557469,0.83269588,0.16730412,0.06609653,0.04568803,0.00106529,0.0312511,0.02042476,368915,-0.42469859,White
CR,TN-12,493569,0.26521183,0.7258084,0.72527194,0.27472806,0.21702,0.02895477,0.00104877,0.00829198,0.01899406,387121,-0.46059657,White
CR,TN-13,493941,0.42402461,0.55960472,0.62794998,0.37205002,0.23351007,0.06906919,0.00144775,0.05028281,0.01931739,378519,-0.13558011,White
CR,TN-14,493447,0.85142561,0.13002178,0.15118009,0.84881991,0.76180492,0.06560686,0.00088931,0.01725532,0.01214044,371074,0.72140383,Black
CR,UT-01,466956,0.23458541,0.74224681,0.83045673,0.16954327,0.00840395,0.09873425,0.01116888,0.01544362,0.0379936,329845,-0.5076614,White
CR,UT-02,468105,0.37385105,0.5988127,0.65291653,0.34708347,0.02019738,0.23785134,0.02697317,0.04161627,0.03039584,330736,-0.22496165,White
CR,UT-03,467035,0.68674327,0.28593362,0.72567719,0.27432281,0.03018769,0.14597053,0.01508711,0.06217872,0.02368059,370979,0.40080965,White
CR,UT-04,467151,0.34025477,0.62886767,0.82752843,0.17247157,0.01636521,0.09762334,0.01108165,0.03192721,0.01907914,318725,-0.2886129,White
CR,UT-05,467393,0.30645029,0.66291622,0.80345736,0.19654264,0.01466368,0.13046123,0.00586366,0.02146095,0.02927314,332045,-0.35646593,White
CR,UT-06,466871,0.32509255,0.64251846,0.7899005,0.2100995,0.01353711,0.12518018,0.01819373,0.03888034,0.01915675,328135,-0.31742591,White
CR,UT-07,468105,0.38431506,0.58693768,0.79465282,0.20534718,0.0149911,0.1138922,0.0154535,0.04558877,0.01695548,313586,-0.20262262,White
Alt,MN-01,815433,0.35875985,0.62083021,0.88241769,0.11758231,0.02349509,0.05500106,0.00183922,0.01882925,0.01592606,626897,-0.26207036,White
Alt,MN-02,814910,0.52810118,0.44712244,0.79379352,0.20620648,0.06204856,0.05990029,0.00140732,0.06198857,0.01696729,616775,0.0809787399999999,White
Alt,MN-03,815157,0.7779198,0.191905,0.63647389,0.36352611,0.17533676,0.08260321,0.00157587,0.08264647,0.02660279,647263,0.5860148,White
Alt,MN-04,814499,0.63729315,0.33698666,0.69830467,0.30169533,0.10162393,0.05979215,0.00155941,0.11923688,0.02041156,624597,0.30030649,White
Alt,MN-05,815710,0.55889476,0.41424051,0.80635664,0.19364336,0.06007034,0.04023143,0.00113443,0.07243225,0.015482,624984,0.14465425,White
Alt,MN-06,815560,0.32294146,0.65670762,0.89464613,0.10535387,0.03206394,0.03285038,0.00106497,0.01837328,0.0150653,610343,-0.33376616,White
Alt,MN-07,815222,0.41480004,0.56530441,0.89027392,0.10972608,0.01835088,0.01776326,0.00112352,0.01103466,0.05493669,638171,-0.15050437,White
Alt,NY-01,748290,0.43369217,0.55447957,0.73171413,0.26828587,0.06341196,0.14875432,0.00098829,0.04688389,0.01472785,601038,-0.1207874,White
Alt,NY-02,748551,0.413296,0.57560246,0.61640492,0.38359508,0.10464854,0.23181271,0.00102929,0.04584892,0.01596239,590701,-0.16230646,White
Alt,NY-03,748929,0.47823807,0.50535718,0.62852582,0.37147418,0.04524472,0.1291081,0.00098979,0.19089527,0.00896526,595075,-0.0271191099999999,White
Alt,NY-04,748466,0.50896001,0.47884108,0.51555788,0.48444212,0.19629602,0.20768253,0.00136774,0.08015357,0.01306937,587098,0.03011893,White
Alt,NY-05,747932,0.71155056,0.27318478,0.11707972,0.88292028,0.48942951,0.18873447,0.00494717,0.17824492,0.02786368,593066,0.43836578,Black
Alt,NY-06,747999,0.52139218,0.45751154,0.25511244,0.74488756,0.05114715,0.17907766,0.00191543,0.51526001,0.01179367,614482,0.06388064,Asian
Alt,NY-07,747696,0.67075607,0.30333374,0.39371586,0.60628414,0.11359684,0.35764879,0.00301194,0.14625911,0.02452985,603265,0.36742233,Minority
Alt,NY-08,748085,0.70786939,0.27681601,0.27825572,0.72174428,0.50369591,0.15592981,0.00209845,0.08995847,0.01391827,592818,0.43105338,Black
Alt,NY-09,748731,0.67711328,0.30390561,0.31571755,0.68428245,0.50087084,0.10940524,0.00168885,0.0842504,0.01220056,567843,0.37320767,Black
Alt,NY-10,747585,0.78499549,0.18955827,0.4195265,0.5804735,0.10776629,0.18407291,0.00236433,0.29351701,0.0169053,597209,0.59543722,Minority
Alt,NY-11,748462,0.37109755,0.61028205,0.55388416,0.44611584,0.0877477,0.16717661,0.00158316,0.19526881,0.01457523,590591,-0.2391845,White
Alt,NY-12,747443,0.80766385,0.17195031,0.63343034,0.36656966,0.06764075,0.12342299,0.00392283,0.17154858,0.00933529,666610,0.63571354,White
Alt,NY-13,747605,0.8194668,0.1619545,0.36559425,0.63440575,0.25796117,0.33473582,0.00247994,0.08622195,0.02134114,628645,0.6575123,Minority
Alt,NY-14,748777,0.63420642,0.34630084,0.2170433,0.7829567,0.155933,0.50120371,0.00278401,0.15037507,0.03278101,594826,0.28790558,Hispanic
Alt,NY-15,747979,0.71470379,0.27496064,0.048169,0.951831,0.36441696,0.65068214,0.00428351,0.03783588,0.03431436,561689,0.43974315,Hispanic
Alt,NY-16,748156,0.72915267,0.2605054,0.18015243,0.81984757,0.44975496,0.35968904,0.0027943,0.05957051,0.02148127,582973,0.46864727,Black
Alt,NY-17,748154,0.62308599,0.3713153,0.60694906,0.39305094,0.09719148,0.21224212,0.00119953,0.08019378,0.01399972,582726,0.25177069,White
Alt,NY-18,748292,0.43699872,0.55738152,0.62740785,0.37259215,0.1232788,0.18417395,0.00147387,0.05442729,0.01698613,546858,-0.1203828,White
Alt,NY-19,747877,0.52164724,0.47029068,0.79472795,0.20527205,0.06380099,0.07435494,0.00125814,0.04468448,0.0202221,609630,0.0513565599999999,White
Alt,NY-20,747817,0.50464788,0.48524362,0.76093731,0.23906269,0.08782349,0.09828774,0.00121255,0.03596581,0.01893563,606159,0.0194042600000001,White
Alt,NY-21,747897,0.56069734,0.42801667,0.77105457,0.22894543,0.09426176,0.04995763,0.00161981,0.05987791,0.01862528,600689,0.13268067,White
Alt,NY-22,748920,0.37863159,0.61591841,0.87554242,0.12445758,0.03824685,0.03788677,0.00148888,0.01285893,0.02754503,597095,-0.23728682,White
Alt,NY-23,748574,0.53603859,0.45831936,0.78428466,0.21571534,0.10296161,0.04779884,0.00122085,0.04429333,0.02011445,592211,0.07771923,White
Alt,NY-24,747812,0.3780874,0.61364075,0.89639593,0.10360407,0.03093163,0.03011565,0.00088482,0.01392536,0.02181147,595604,-0.23555335,White
Alt,NY-25,748690,0.39880405,0.59454433,0.89551682,0.10448318,0.03160897,0.03378435,0.00095977,0.01118453,0.02077558,598058,-0.19574028,White
Alt,NY-26,748021,0.5933063,0.39542589,0.699974,0.300026,0.16011944,0.0808683,0.00124307,0.05029315,0.0145981,596105,0.19788041,White
Alt,NY-27,748436,0.59933773,0.3853096,0.67623941,0.32376059,0.18975737,0.06255388,0.00106214,0.06082622,0.01600442,595023,0.21402813,White
